#Bulk Export - Points every 1 day(s),,
,,08375300-USGS
,,"Rio Grande at Rio Grande Village, Big Bend National Park, Texas"
,,Discharge.USGS-NWIS
Start of Interval (UTC-06:00),End of Interval (UTC-06:00),Average (ft^3/s)
2020-01-01 00:00:00,2020-01-02 00:00:00,627.53
2020-01-02 00:00:00,2020-01-03 00:00:00,622.71
2020-01-03 00:00:00,2020-01-04 00:00:00,612.31
2020-01-04 00:00:00,2020-01-05 00:00:00,640.55
2020-01-05 00:00:00,2020-01-06 00:00:00,643.30
2020-01-06 00:00:00,2020-01-07 00:00:00,646.81
2020-01-07 00:00:00,2020-01-08 00:00:00,650.12
2020-01-08 00:00:00,2020-01-09 00:00:00,646.97
2020-01-09 00:00:00,2020-01-10 00:00:00,657.69
2020-01-10 00:00:00,2020-01-11 00:00:00,642.17
2020-01-11 00:00:00,2020-01-12 00:00:00,630.99
2020-01-12 00:00:00,2020-01-13 00:00:00,623.49
2020-01-13 00:00:00,2020-01-14 00:00:00,580.48
2020-01-14 00:00:00,2020-01-15 00:00:00,447.70
2020-01-15 00:00:00,2020-01-16 00:00:00,369.16
2020-01-16 00:00:00,2020-01-17 00:00:00,333.66
2020-01-17 00:00:00,2020-01-18 00:00:00,345.67
2020-01-18 00:00:00,2020-01-19 00:00:00,310.40
2020-01-19 00:00:00,2020-01-20 00:00:00,290.70
2020-01-20 00:00:00,2020-01-21 00:00:00,273.13
2020-01-21 00:00:00,2020-01-22 00:00:00,256.99
2020-01-22 00:00:00,2020-01-23 00:00:00,259.11
2020-01-23 00:00:00,2020-01-24 00:00:00,264.92
2020-01-24 00:00:00,2020-01-25 00:00:00,256.79
2020-01-25 00:00:00,2020-01-26 00:00:00,244.19
2020-01-26 00:00:00,2020-01-27 00:00:00,239.03
2020-01-27 00:00:00,2020-01-28 00:00:00,228.99
2020-01-28 00:00:00,2020-01-29 00:00:00,218.82
2020-01-29 00:00:00,2020-01-30 00:00:00,212.62
2020-01-30 00:00:00,2020-01-31 00:00:00,201.96
2020-01-31 00:00:00,2020-02-01 00:00:00,198.76
2020-02-01 00:00:00,2020-02-02 00:00:00,200.59
2020-02-02 00:00:00,2020-02-03 00:00:00,196.22
2020-02-03 00:00:00,2020-02-04 00:00:00,200.81
2020-02-04 00:00:00,2020-02-05 00:00:00,200.04
2020-02-05 00:00:00,2020-02-06 00:00:00,196.89
2020-02-06 00:00:00,2020-02-07 00:00:00,188.67
2020-02-07 00:00:00,2020-02-08 00:00:00,187.19
2020-02-08 00:00:00,2020-02-09 00:00:00,179.44
2020-02-09 00:00:00,2020-02-10 00:00:00,180.76
2020-02-10 00:00:00,2020-02-11 00:00:00,184.92
2020-02-11 00:00:00,2020-02-12 00:00:00,181.85
2020-02-12 00:00:00,2020-02-13 00:00:00,176.12
2020-02-13 00:00:00,2020-02-14 00:00:00,177.50
2020-02-14 00:00:00,2020-02-15 00:00:00,178.89
2020-02-15 00:00:00,2020-02-16 00:00:00,180.66
2020-02-16 00:00:00,2020-02-17 00:00:00,181.34
2020-02-17 00:00:00,2020-02-18 00:00:00,179.09
2020-02-18 00:00:00,2020-02-19 00:00:00,178.33
2020-02-19 00:00:00,2020-02-20 00:00:00,178.22
2020-02-20 00:00:00,2020-02-21 00:00:00,180.43
2020-02-21 00:00:00,2020-02-22 00:00:00,185.31
2020-02-22 00:00:00,2020-02-23 00:00:00,183.36
2020-02-23 00:00:00,2020-02-24 00:00:00,179.70
2020-02-24 00:00:00,2020-02-25 00:00:00,181.38
2020-02-25 00:00:00,2020-02-26 00:00:00,173.74
2020-02-26 00:00:00,2020-02-27 00:00:00,168.58
2020-02-27 00:00:00,2020-02-28 00:00:00,160.14
2020-02-28 00:00:00,2020-02-29 00:00:00,154.21
2020-02-29 00:00:00,2020-03-01 00:00:00,154.27
2020-03-01 00:00:00,2020-03-02 00:00:00,153.19
2020-03-02 00:00:00,2020-03-03 00:00:00,150.92
2020-03-03 00:00:00,2020-03-04 00:00:00,149.55
2020-03-04 00:00:00,2020-03-05 00:00:00,152.29
2020-03-05 00:00:00,2020-03-06 00:00:00,151.09
2020-03-06 00:00:00,2020-03-07 00:00:00,136.34
2020-03-07 00:00:00,2020-03-08 00:00:00,138.56
2020-03-08 00:00:00,2020-03-09 00:00:00,133.16
2020-03-09 00:00:00,2020-03-10 00:00:00,134.56
2020-03-10 00:00:00,2020-03-11 00:00:00,148.48
2020-03-11 00:00:00,2020-03-12 00:00:00,166.91
2020-03-12 00:00:00,2020-03-13 00:00:00,165.20
2020-03-13 00:00:00,2020-03-14 00:00:00,158.23
2020-03-14 00:00:00,2020-03-15 00:00:00,147.20
2020-03-15 00:00:00,2020-03-16 00:00:00,456.18
2020-03-16 00:00:00,2020-03-17 00:00:00,691.41
2020-03-17 00:00:00,2020-03-18 00:00:00,427.59
2020-03-18 00:00:00,2020-03-19 00:00:00,191.67
2020-03-19 00:00:00,2020-03-20 00:00:00,152.62
2020-03-20 00:00:00,2020-03-21 00:00:00,141.32
2020-03-21 00:00:00,2020-03-22 00:00:00,138.96
2020-03-22 00:00:00,2020-03-23 00:00:00,134.38
2020-03-23 00:00:00,2020-03-24 00:00:00,135.28
2020-03-24 00:00:00,2020-03-25 00:00:00,134.82
2020-03-25 00:00:00,2020-03-26 00:00:00,136.76
2020-03-26 00:00:00,2020-03-27 00:00:00,134.72
2020-03-27 00:00:00,2020-03-28 00:00:00,127.46
2020-03-28 00:00:00,2020-03-29 00:00:00,122.93
2020-03-29 00:00:00,2020-03-30 00:00:00,126.35
2020-03-30 00:00:00,2020-03-31 00:00:00,126.97
2020-03-31 00:00:00,2020-04-01 00:00:00,124.43
2020-04-01 00:00:00,2020-04-02 00:00:00,122.92
2020-04-02 00:00:00,2020-04-03 00:00:00,124.46
2020-04-03 00:00:00,2020-04-04 00:00:00,117.55
2020-04-04 00:00:00,2020-04-05 00:00:00,117.05
2020-04-05 00:00:00,2020-04-06 00:00:00,114.96
2020-04-06 00:00:00,2020-04-07 00:00:00,117.59
2020-04-07 00:00:00,2020-04-08 00:00:00,116.86
2020-04-08 00:00:00,2020-04-09 00:00:00,112.17
2020-04-09 00:00:00,2020-04-10 00:00:00,107.90
2020-04-10 00:00:00,2020-04-11 00:00:00,109.33
2020-04-11 00:00:00,2020-04-12 00:00:00,108.39
2020-04-12 00:00:00,2020-04-13 00:00:00,103.35
2020-04-13 00:00:00,2020-04-14 00:00:00,102.48
2020-04-14 00:00:00,2020-04-15 00:00:00,99.21
2020-04-15 00:00:00,2020-04-16 00:00:00,103.35
2020-04-16 00:00:00,2020-04-17 00:00:00,104.34
2020-04-17 00:00:00,2020-04-18 00:00:00,100.78
2020-04-18 00:00:00,2020-04-19 00:00:00,102.35
2020-04-19 00:00:00,2020-04-20 00:00:00,103.95
2020-04-20 00:00:00,2020-04-21 00:00:00,100.44
2020-04-21 00:00:00,2020-04-22 00:00:00,96.56
2020-04-22 00:00:00,2020-04-23 00:00:00,96.21
2020-04-23 00:00:00,2020-04-24 00:00:00,97.48
2020-04-24 00:00:00,2020-04-25 00:00:00,95.20
2020-04-25 00:00:00,2020-04-26 00:00:00,90.68
2020-04-26 00:00:00,2020-04-27 00:00:00,87.26
2020-04-27 00:00:00,2020-04-28 00:00:00,88.58
2020-04-28 00:00:00,2020-04-29 00:00:00,83.99
2020-04-29 00:00:00,2020-04-30 00:00:00,78.34
2020-04-30 00:00:00,2020-05-01 00:00:00,76.76
2020-05-01 00:00:00,2020-05-02 00:00:00,72.16
2020-05-02 00:00:00,2020-05-03 00:00:00,70.02
2020-05-03 00:00:00,2020-05-04 00:00:00,67.19
2020-05-04 00:00:00,2020-05-05 00:00:00,63.43
2020-05-05 00:00:00,2020-05-06 00:00:00,57.02
2020-05-06 00:00:00,2020-05-07 00:00:00,58.07
2020-05-07 00:00:00,2020-05-08 00:00:00,56.19
2020-05-08 00:00:00,2020-05-09 00:00:00,51.84
2020-05-09 00:00:00,2020-05-10 00:00:00,54.10
2020-05-10 00:00:00,2020-05-11 00:00:00,51.38
2020-05-11 00:00:00,2020-05-12 00:00:00,1540.58
2020-05-12 00:00:00,2020-05-13 00:00:00,765.62
2020-05-13 00:00:00,2020-05-14 00:00:00,390.08
2020-05-14 00:00:00,2020-05-15 00:00:00,402.92
2020-05-15 00:00:00,2020-05-16 00:00:00,209.02
2020-05-16 00:00:00,2020-05-17 00:00:00,129.29
2020-05-17 00:00:00,2020-05-18 00:00:00,94.17
2020-05-18 00:00:00,2020-05-19 00:00:00,80.42
2020-05-19 00:00:00,2020-05-20 00:00:00,69.56
2020-05-20 00:00:00,2020-05-21 00:00:00,61.93
2020-05-21 00:00:00,2020-05-22 00:00:00,57.26
2020-05-22 00:00:00,2020-05-23 00:00:00,53.92
2020-05-23 00:00:00,2020-05-24 00:00:00,53.58
2020-05-24 00:00:00,2020-05-25 00:00:00,49.53
2020-05-25 00:00:00,2020-05-26 00:00:00,47.36
2020-05-26 00:00:00,2020-05-27 00:00:00,46.13
2020-05-27 00:00:00,2020-05-28 00:00:00,44.60
2020-05-28 00:00:00,2020-05-29 00:00:00,42.45
2020-05-29 00:00:00,2020-05-30 00:00:00,41.16
2020-05-30 00:00:00,2020-05-31 00:00:00,40.63
2020-05-31 00:00:00,2020-06-01 00:00:00,39.78
2020-06-01 00:00:00,2020-06-02 00:00:00,39.94
2020-06-02 00:00:00,2020-06-03 00:00:00,39.93
2020-06-03 00:00:00,2020-06-04 00:00:00,39.52
2020-06-04 00:00:00,2020-06-05 00:00:00,39.34
2020-06-05 00:00:00,2020-06-06 00:00:00,38.66
2020-06-06 00:00:00,2020-06-07 00:00:00,38.32
2020-06-07 00:00:00,2020-06-08 00:00:00,37.39
2020-06-08 00:00:00,2020-06-09 00:00:00,37.51
2020-06-09 00:00:00,2020-06-10 00:00:00,35.50
2020-06-10 00:00:00,2020-06-11 00:00:00,36.74
2020-06-11 00:00:00,2020-06-12 00:00:00,36.88
2020-06-12 00:00:00,2020-06-13 00:00:00,36.16
2020-06-13 00:00:00,2020-06-14 00:00:00,36.06
2020-06-14 00:00:00,2020-06-15 00:00:00,368.15
2020-06-15 00:00:00,2020-06-16 00:00:00,413.81
2020-06-16 00:00:00,2020-06-17 00:00:00,261.54
2020-06-17 00:00:00,2020-06-18 00:00:00,390.74
2020-06-18 00:00:00,2020-06-19 00:00:00,275.06
2020-06-19 00:00:00,2020-06-20 00:00:00,273.53
2020-06-20 00:00:00,2020-06-21 00:00:00,259.52
2020-06-21 00:00:00,2020-06-22 00:00:00,313.97
2020-06-22 00:00:00,2020-06-23 00:00:00,441.93
2020-06-23 00:00:00,2020-06-24 00:00:00,297.63
2020-06-24 00:00:00,2020-06-25 00:00:00,691.86
2020-06-25 00:00:00,2020-06-26 00:00:00,2862.19
2020-06-26 00:00:00,2020-06-27 00:00:00,969.73
2020-06-27 00:00:00,2020-06-28 00:00:00,718.11
2020-06-28 00:00:00,2020-06-29 00:00:00,838.28
2020-06-29 00:00:00,2020-06-30 00:00:00,746.14
2020-06-30 00:00:00,2020-07-01 00:00:00,487.83
2020-07-01 00:00:00,2020-07-02 00:00:00,451.89
2020-07-02 00:00:00,2020-07-03 00:00:00,507.63
2020-07-03 00:00:00,2020-07-04 00:00:00,951.47
2020-07-04 00:00:00,2020-07-05 00:00:00,690.32
2020-07-05 00:00:00,2020-07-06 00:00:00,402.22
2020-07-06 00:00:00,2020-07-07 00:00:00,539.19
2020-07-07 00:00:00,2020-07-08 00:00:00,530.25
2020-07-08 00:00:00,2020-07-09 00:00:00,631.04
2020-07-09 00:00:00,2020-07-10 00:00:00,567.62
2020-07-10 00:00:00,2020-07-11 00:00:00,456.58
2020-07-11 00:00:00,2020-07-12 00:00:00,463.37
2020-07-12 00:00:00,2020-07-13 00:00:00,421.84
2020-07-13 00:00:00,2020-07-14 00:00:00,371.97
2020-07-14 00:00:00,2020-07-15 00:00:00,377.74
2020-07-15 00:00:00,2020-07-16 00:00:00,377.98
2020-07-16 00:00:00,2020-07-17 00:00:00,357.69
2020-07-17 00:00:00,2020-07-18 00:00:00,361.65
2020-07-18 00:00:00,2020-07-19 00:00:00,352.06
2020-07-19 00:00:00,2020-07-20 00:00:00,337.42
2020-07-20 00:00:00,2020-07-21 00:00:00,446.48
2020-07-21 00:00:00,2020-07-22 00:00:00,441.42
2020-07-22 00:00:00,2020-07-23 00:00:00,381.68
2020-07-23 00:00:00,2020-07-24 00:00:00,391.59
2020-07-24 00:00:00,2020-07-25 00:00:00,586.46
2020-07-25 00:00:00,2020-07-26 00:00:00,565.30
2020-07-26 00:00:00,2020-07-27 00:00:00,699.77
2020-07-27 00:00:00,2020-07-28 00:00:00,927.32
2020-07-28 00:00:00,2020-07-29 00:00:00,571.18
2020-07-29 00:00:00,2020-07-30 00:00:00,516.12
2020-07-30 00:00:00,2020-07-31 00:00:00,386.15
2020-07-31 00:00:00,2020-08-01 00:00:00,318.64
2020-08-01 00:00:00,2020-08-02 00:00:00,299.24
2020-08-02 00:00:00,2020-08-03 00:00:00,311.60
2020-08-03 00:00:00,2020-08-04 00:00:00,310.67
2020-08-04 00:00:00,2020-08-05 00:00:00,275.48
2020-08-05 00:00:00,2020-08-06 00:00:00,277.96
2020-08-06 00:00:00,2020-08-07 00:00:00,295.38
2020-08-07 00:00:00,2020-08-08 00:00:00,292.41
2020-08-08 00:00:00,2020-08-09 00:00:00,279.45
2020-08-09 00:00:00,2020-08-10 00:00:00,257.96
2020-08-10 00:00:00,2020-08-11 00:00:00,258.98
2020-08-11 00:00:00,2020-08-12 00:00:00,252.00
2020-08-12 00:00:00,2020-08-13 00:00:00,246.65
2020-08-13 00:00:00,2020-08-14 00:00:00,283.69
2020-08-14 00:00:00,2020-08-15 00:00:00,254.79
2020-08-15 00:00:00,2020-08-16 00:00:00,244.68
2020-08-16 00:00:00,2020-08-17 00:00:00,295.30
2020-08-17 00:00:00,2020-08-18 00:00:00,374.10
2020-08-18 00:00:00,2020-08-19 00:00:00,383.97
2020-08-19 00:00:00,2020-08-20 00:00:00,379.14
2020-08-20 00:00:00,2020-08-21 00:00:00,372.12
2020-08-21 00:00:00,2020-08-22 00:00:00,355.95
2020-08-22 00:00:00,2020-08-23 00:00:00,351.50
2020-08-23 00:00:00,2020-08-24 00:00:00,361.71
2020-08-24 00:00:00,2020-08-25 00:00:00,370.59
2020-08-25 00:00:00,2020-08-26 00:00:00,395.77
2020-08-26 00:00:00,2020-08-27 00:00:00,421.89
2020-08-27 00:00:00,2020-08-28 00:00:00,403.71
2020-08-28 00:00:00,2020-08-29 00:00:00,401.94
2020-08-29 00:00:00,2020-08-30 00:00:00,394.45
2020-08-30 00:00:00,2020-08-31 00:00:00,409.66
2020-08-31 00:00:00,2020-09-01 00:00:00,411.38
2020-09-01 00:00:00,2020-09-02 00:00:00,579.39
2020-09-02 00:00:00,2020-09-03 00:00:00,564.14
2020-09-03 00:00:00,2020-09-04 00:00:00,533.26
2020-09-04 00:00:00,2020-09-05 00:00:00,506.11
2020-09-05 00:00:00,2020-09-06 00:00:00,507.01
2020-09-06 00:00:00,2020-09-07 00:00:00,497.23
2020-09-07 00:00:00,2020-09-08 00:00:00,483.62
2020-09-08 00:00:00,2020-09-09 00:00:00,485.93
2020-09-09 00:00:00,2020-09-10 00:00:00,3146.95
2020-09-10 00:00:00,2020-09-11 00:00:00,2975.42
2020-09-11 00:00:00,2020-09-12 00:00:00,949.76
2020-09-12 00:00:00,2020-09-13 00:00:00,597.39
2020-09-13 00:00:00,2020-09-14 00:00:00,585.56
2020-09-14 00:00:00,2020-09-15 00:00:00,1828.93
2020-09-15 00:00:00,2020-09-16 00:00:00,1915.99
2020-09-16 00:00:00,2020-09-17 00:00:00,5430.00
2020-09-17 00:00:00,2020-09-18 00:00:00,4368.80
2020-09-18 00:00:00,2020-09-19 00:00:00,1989.95
2020-09-19 00:00:00,2020-09-20 00:00:00,1526.98
2020-09-20 00:00:00,2020-09-21 00:00:00,1131.67
2020-09-21 00:00:00,2020-09-22 00:00:00,989.01
2020-09-22 00:00:00,2020-09-23 00:00:00,942.45
2020-09-23 00:00:00,2020-09-24 00:00:00,903.22
2020-09-24 00:00:00,2020-09-25 00:00:00,885.24
2020-09-25 00:00:00,2020-09-26 00:00:00,872.74
2020-09-26 00:00:00,2020-09-27 00:00:00,864.14
2020-09-27 00:00:00,2020-09-28 00:00:00,856.87
2020-09-28 00:00:00,2020-09-29 00:00:00,850.34
2020-09-29 00:00:00,2020-09-30 00:00:00,856.98
2020-09-30 00:00:00,2020-10-01 00:00:00,822.13
2020-10-01 00:00:00,2020-10-02 00:00:00,815.99
2020-10-02 00:00:00,2020-10-03 00:00:00,793.67
2020-10-03 00:00:00,2020-10-04 00:00:00,785.35
2020-10-04 00:00:00,2020-10-05 00:00:00,778.07
2020-10-05 00:00:00,2020-10-06 00:00:00,763.56
2020-10-06 00:00:00,2020-10-07 00:00:00,757.11
2020-10-07 00:00:00,2020-10-08 00:00:00,738.15
2020-10-08 00:00:00,2020-10-09 00:00:00,701.48
2020-10-09 00:00:00,2020-10-10 00:00:00,683.03
2020-10-10 00:00:00,2020-10-11 00:00:00,681.38
2020-10-11 00:00:00,2020-10-12 00:00:00,681.34
2020-10-12 00:00:00,2020-10-13 00:00:00,682.11
2020-10-13 00:00:00,2020-10-14 00:00:00,701.61
2020-10-14 00:00:00,2020-10-15 00:00:00,718.35
2020-10-15 00:00:00,2020-10-16 00:00:00,717.11
2020-10-16 00:00:00,2020-10-17 00:00:00,704.97
2020-10-17 00:00:00,2020-10-18 00:00:00,704.63
2020-10-18 00:00:00,2020-10-19 00:00:00,724.48
2020-10-19 00:00:00,2020-10-20 00:00:00,748.32
2020-10-20 00:00:00,2020-10-21 00:00:00,722.29
2020-10-21 00:00:00,2020-10-22 00:00:00,703.81
2020-10-22 00:00:00,2020-10-23 00:00:00,709.31
2020-10-23 00:00:00,2020-10-24 00:00:00,705.32
2020-10-24 00:00:00,2020-10-25 00:00:00,688.71
2020-10-25 00:00:00,2020-10-26 00:00:00,689.09
2020-10-26 00:00:00,2020-10-27 00:00:00,699.44
2020-10-27 00:00:00,2020-10-28 00:00:00,692.82
2020-10-28 00:00:00,2020-10-29 00:00:00,695.06
2020-10-29 00:00:00,2020-10-30 00:00:00,705.15
2020-10-30 00:00:00,2020-10-31 00:00:00,714.24
2020-10-31 00:00:00,2020-11-01 00:00:00,742.86
2020-11-01 00:00:00,2020-11-02 00:00:00,762.90
2020-11-02 00:00:00,2020-11-03 00:00:00,741.51
2020-11-03 00:00:00,2020-11-04 00:00:00,752.74
2020-11-04 00:00:00,2020-11-05 00:00:00,758.64
2020-11-05 00:00:00,2020-11-06 00:00:00,759.69
2020-11-06 00:00:00,2020-11-07 00:00:00,755.80
2020-11-07 00:00:00,2020-11-08 00:00:00,758.11
2020-11-08 00:00:00,2020-11-09 00:00:00,743.64
2020-11-09 00:00:00,2020-11-10 00:00:00,753.02
2020-11-10 00:00:00,2020-11-11 00:00:00,768.65
2020-11-11 00:00:00,2020-11-12 00:00:00,747.51
2020-11-12 00:00:00,2020-11-13 00:00:00,736.56
2020-11-13 00:00:00,2020-11-14 00:00:00,749.59
2020-11-14 00:00:00,2020-11-15 00:00:00,755.92
2020-11-15 00:00:00,2020-11-16 00:00:00,757.35
2020-11-16 00:00:00,2020-11-17 00:00:00,746.42
2020-11-17 00:00:00,2020-11-18 00:00:00,733.47
2020-11-18 00:00:00,2020-11-19 00:00:00,738.70
2020-11-19 00:00:00,2020-11-20 00:00:00,727.94
2020-11-20 00:00:00,2020-11-21 00:00:00,729.22
2020-11-21 00:00:00,2020-11-22 00:00:00,737.39
2020-11-22 00:00:00,2020-11-23 00:00:00,737.86
2020-11-23 00:00:00,2020-11-24 00:00:00,699.20
2020-11-24 00:00:00,2020-11-25 00:00:00,527.81
2020-11-25 00:00:00,2020-11-26 00:00:00,413.08
2020-11-26 00:00:00,2020-11-27 00:00:00,315.78
2020-11-27 00:00:00,2020-11-28 00:00:00,285.21
2020-11-28 00:00:00,2020-11-29 00:00:00,259.50
2020-11-29 00:00:00,2020-11-30 00:00:00,242.04
2020-11-30 00:00:00,2020-12-01 00:00:00,225.93
2020-12-01 00:00:00,2020-12-02 00:00:00,213.19
2020-12-02 00:00:00,2020-12-03 00:00:00,197.20
2020-12-03 00:00:00,2020-12-04 00:00:00,192.49
2020-12-04 00:00:00,2020-12-05 00:00:00,193.04
2020-12-05 00:00:00,2020-12-06 00:00:00,185.46
2020-12-06 00:00:00,2020-12-07 00:00:00,181.06
2020-12-07 00:00:00,2020-12-08 00:00:00,176.17
2020-12-08 00:00:00,2020-12-09 00:00:00,172.91
2020-12-09 00:00:00,2020-12-10 00:00:00,172.12
2020-12-10 00:00:00,2020-12-11 00:00:00,164.95
2020-12-11 00:00:00,2020-12-12 00:00:00,167.16
2020-12-12 00:00:00,2020-12-13 00:00:00,166.40
2020-12-13 00:00:00,2020-12-14 00:00:00,158.70
2020-12-14 00:00:00,2020-12-15 00:00:00,155.35
2020-12-15 00:00:00,2020-12-16 00:00:00,150.59
2020-12-16 00:00:00,2020-12-17 00:00:00,145.83
2020-12-17 00:00:00,2020-12-18 00:00:00,139.55
2020-12-18 00:00:00,2020-12-19 00:00:00,142.70
2020-12-19 00:00:00,2020-12-20 00:00:00,137.19
2020-12-20 00:00:00,2020-12-21 00:00:00,129.59
2020-12-21 00:00:00,2020-12-22 00:00:00,124.24
2020-12-22 00:00:00,2020-12-23 00:00:00,122.68
2020-12-23 00:00:00,2020-12-24 00:00:00,117.42
2020-12-24 00:00:00,2020-12-25 00:00:00,113.30
2020-12-25 00:00:00,2020-12-26 00:00:00,110.31
2020-12-26 00:00:00,2020-12-27 00:00:00,107.09
2020-12-27 00:00:00,2020-12-28 00:00:00,106.96
2020-12-28 00:00:00,2020-12-29 00:00:00,117.32
2020-12-29 00:00:00,2020-12-30 00:00:00,117.58
2020-12-30 00:00:00,2020-12-31 00:00:00,119.36
2020-12-31 00:00:00,2021-01-01 00:00:00,185.38
2021-01-01 00:00:00,2021-01-02 00:00:00,137.16
2021-01-02 00:00:00,2021-01-03 00:00:00,135.74
2021-01-03 00:00:00,2021-01-04 00:00:00,128.66
2021-01-04 00:00:00,2021-01-05 00:00:00,127.84
2021-01-05 00:00:00,2021-01-06 00:00:00,143.72
2021-01-06 00:00:00,2021-01-07 00:00:00,147.02
2021-01-07 00:00:00,2021-01-08 00:00:00,145.07
2021-01-08 00:00:00,2021-01-09 00:00:00,143.02
2021-01-09 00:00:00,2021-01-10 00:00:00,136.05
2021-01-10 00:00:00,2021-01-11 00:00:00,131.39
2021-01-11 00:00:00,2021-01-12 00:00:00,131.97
2021-01-12 00:00:00,2021-01-13 00:00:00,127.14
2021-01-13 00:00:00,2021-01-14 00:00:00,124.76
2021-01-14 00:00:00,2021-01-15 00:00:00,126.98
2021-01-15 00:00:00,2021-01-16 00:00:00,132.83
2021-01-16 00:00:00,2021-01-17 00:00:00,134.53
2021-01-17 00:00:00,2021-01-18 00:00:00,134.59
2021-01-18 00:00:00,2021-01-19 00:00:00,133.29
2021-01-19 00:00:00,2021-01-20 00:00:00,127.25
2021-01-20 00:00:00,2021-01-21 00:00:00,124.35
2021-01-21 00:00:00,2021-01-22 00:00:00,126.93
2021-01-22 00:00:00,2021-01-23 00:00:00,129.02
2021-01-23 00:00:00,2021-01-24 00:00:00,130.81
2021-01-24 00:00:00,2021-01-25 00:00:00,127.68
2021-01-25 00:00:00,2021-01-26 00:00:00,127.69
2021-01-26 00:00:00,2021-01-27 00:00:00,123.35
2021-01-27 00:00:00,2021-01-28 00:00:00,126.42
2021-01-28 00:00:00,2021-01-29 00:00:00,123.57
2021-01-29 00:00:00,2021-01-30 00:00:00,122.58
2021-01-30 00:00:00,2021-01-31 00:00:00,121.85
2021-01-31 00:00:00,2021-02-01 00:00:00,117.49
2021-02-01 00:00:00,2021-02-02 00:00:00,117.18
2021-02-02 00:00:00,2021-02-03 00:00:00,113.64
2021-02-03 00:00:00,2021-02-04 00:00:00,114.47
2021-02-04 00:00:00,2021-02-05 00:00:00,112.15
2021-02-05 00:00:00,2021-02-06 00:00:00,106.87
2021-02-06 00:00:00,2021-02-07 00:00:00,103.55
2021-02-07 00:00:00,2021-02-08 00:00:00,102.02
2021-02-08 00:00:00,2021-02-09 00:00:00,98.96
2021-02-09 00:00:00,2021-02-10 00:00:00,95.60
2021-02-10 00:00:00,2021-02-11 00:00:00,91.63
2021-02-11 00:00:00,2021-02-12 00:00:00,90.68
2021-02-12 00:00:00,2021-02-13 00:00:00,106.62
2021-02-13 00:00:00,2021-02-14 00:00:00,84.66
2021-02-14 00:00:00,2021-02-15 00:00:00,94.72
2021-02-15 00:00:00,2021-02-16 00:00:00,89.49
2021-02-16 00:00:00,2021-02-17 00:00:00,86.45
2021-02-17 00:00:00,2021-02-18 00:00:00,86.25
2021-02-18 00:00:00,2021-02-19 00:00:00,96.58
2021-02-19 00:00:00,2021-02-20 00:00:00,94.89
2021-02-20 00:00:00,2021-02-21 00:00:00,99.34
2021-02-21 00:00:00,2021-02-22 00:00:00,101.05
2021-02-22 00:00:00,2021-02-23 00:00:00,96.54
2021-02-23 00:00:00,2021-02-24 00:00:00,97.45
2021-02-24 00:00:00,2021-02-25 00:00:00,95.37
2021-02-25 00:00:00,2021-02-26 00:00:00,92.05
2021-02-26 00:00:00,2021-02-27 00:00:00,90.23
2021-02-27 00:00:00,2021-02-28 00:00:00,88.69
2021-02-28 00:00:00,2021-03-01 00:00:00,86.45
2021-03-01 00:00:00,2021-03-02 00:00:00,79.05
2021-03-02 00:00:00,2021-03-03 00:00:00,79.92
2021-03-03 00:00:00,2021-03-04 00:00:00,80.23
2021-03-04 00:00:00,2021-03-05 00:00:00,80.28
2021-03-05 00:00:00,2021-03-06 00:00:00,78.51
2021-03-06 00:00:00,2021-03-07 00:00:00,75.80
2021-03-07 00:00:00,2021-03-08 00:00:00,74.67
2021-03-08 00:00:00,2021-03-09 00:00:00,72.05
2021-03-09 00:00:00,2021-03-10 00:00:00,70.99
2021-03-10 00:00:00,2021-03-11 00:00:00,71.22
2021-03-11 00:00:00,2021-03-12 00:00:00,69.54
2021-03-12 00:00:00,2021-03-13 00:00:00,69.88
2021-03-13 00:00:00,2021-03-14 00:00:00,68.41
2021-03-14 00:00:00,2021-03-15 00:00:00,66.02
2021-03-15 00:00:00,2021-03-16 00:00:00,63.81
2021-03-16 00:00:00,2021-03-17 00:00:00,64.03
2021-03-17 00:00:00,2021-03-18 00:00:00,63.70
2021-03-18 00:00:00,2021-03-19 00:00:00,61.46
2021-03-19 00:00:00,2021-03-20 00:00:00,61.06
2021-03-20 00:00:00,2021-03-21 00:00:00,61.98
2021-03-21 00:00:00,2021-03-22 00:00:00,62.59
2021-03-22 00:00:00,2021-03-23 00:00:00,62.47
2021-03-23 00:00:00,2021-03-24 00:00:00,60.00
2021-03-24 00:00:00,2021-03-25 00:00:00,59.66
2021-03-25 00:00:00,2021-03-26 00:00:00,60.05
2021-03-26 00:00:00,2021-03-27 00:00:00,58.67
2021-03-27 00:00:00,2021-03-28 00:00:00,58.58
2021-03-28 00:00:00,2021-03-29 00:00:00,55.52
2021-03-29 00:00:00,2021-03-30 00:00:00,58.56
2021-03-30 00:00:00,2021-03-31 00:00:00,58.42
2021-03-31 00:00:00,2021-04-01 00:00:00,54.95
2021-04-01 00:00:00,2021-04-02 00:00:00,58.25
2021-04-02 00:00:00,2021-04-03 00:00:00,56.83
2021-04-03 00:00:00,2021-04-04 00:00:00,55.38
2021-04-04 00:00:00,2021-04-05 00:00:00,55.62
2021-04-05 00:00:00,2021-04-06 00:00:00,55.21
2021-04-06 00:00:00,2021-04-07 00:00:00,52.45
2021-04-07 00:00:00,2021-04-08 00:00:00,50.28
2021-04-08 00:00:00,2021-04-09 00:00:00,49.83
2021-04-09 00:00:00,2021-04-10 00:00:00,49.02
2021-04-10 00:00:00,2021-04-11 00:00:00,47.86
2021-04-11 00:00:00,2021-04-12 00:00:00,48.01
2021-04-12 00:00:00,2021-04-13 00:00:00,46.34
2021-04-13 00:00:00,2021-04-14 00:00:00,46.45
2021-04-14 00:00:00,2021-04-15 00:00:00,48.16
2021-04-15 00:00:00,2021-04-16 00:00:00,47.80
2021-04-16 00:00:00,2021-04-17 00:00:00,46.85
2021-04-17 00:00:00,2021-04-18 00:00:00,46.03
2021-04-18 00:00:00,2021-04-19 00:00:00,48.29
2021-04-19 00:00:00,2021-04-20 00:00:00,48.78
2021-04-20 00:00:00,2021-04-21 00:00:00,45.93
2021-04-21 00:00:00,2021-04-22 00:00:00,46.20
2021-04-22 00:00:00,2021-04-23 00:00:00,46.93
2021-04-23 00:00:00,2021-04-24 00:00:00,46.53
2021-04-24 00:00:00,2021-04-25 00:00:00,46.06
2021-04-25 00:00:00,2021-04-26 00:00:00,46.25
2021-04-26 00:00:00,2021-04-27 00:00:00,45.57
2021-04-27 00:00:00,2021-04-28 00:00:00,44.50
2021-04-28 00:00:00,2021-04-29 00:00:00,42.94
2021-04-29 00:00:00,2021-04-30 00:00:00,44.56
2021-04-30 00:00:00,2021-05-01 00:00:00,47.29
2021-05-01 00:00:00,2021-05-02 00:00:00,113.69
2021-05-02 00:00:00,2021-05-03 00:00:00,70.23
2021-05-03 00:00:00,2021-05-04 00:00:00,53.01
2021-05-04 00:00:00,2021-05-05 00:00:00,45.45
2021-05-05 00:00:00,2021-05-06 00:00:00,45.34
2021-05-06 00:00:00,2021-05-07 00:00:00,45.28
2021-05-07 00:00:00,2021-05-08 00:00:00,46.13
2021-05-08 00:00:00,2021-05-09 00:00:00,46.30
2021-05-09 00:00:00,2021-05-10 00:00:00,45.88
2021-05-10 00:00:00,2021-05-11 00:00:00,47.74
2021-05-11 00:00:00,2021-05-12 00:00:00,54.37
2021-05-12 00:00:00,2021-05-13 00:00:00,52.35
2021-05-13 00:00:00,2021-05-14 00:00:00,51.09
2021-05-14 00:00:00,2021-05-15 00:00:00,49.31
2021-05-15 00:00:00,2021-05-16 00:00:00,50.06
2021-05-16 00:00:00,2021-05-17 00:00:00,64.34
2021-05-17 00:00:00,2021-05-18 00:00:00,61.99
2021-05-18 00:00:00,2021-05-19 00:00:00,54.42
2021-05-19 00:00:00,2021-05-20 00:00:00,58.42
2021-05-20 00:00:00,2021-05-21 00:00:00,53.46
2021-05-21 00:00:00,2021-05-22 00:00:00,49.19
2021-05-22 00:00:00,2021-05-23 00:00:00,47.32
2021-05-23 00:00:00,2021-05-24 00:00:00,54.26
2021-05-24 00:00:00,2021-05-25 00:00:00,125.91
2021-05-25 00:00:00,2021-05-26 00:00:00,2207.52
2021-05-26 00:00:00,2021-05-27 00:00:00,946.54
2021-05-27 00:00:00,2021-05-28 00:00:00,526.96
2021-05-28 00:00:00,2021-05-29 00:00:00,442.51
2021-05-29 00:00:00,2021-05-30 00:00:00,206.66
2021-05-30 00:00:00,2021-05-31 00:00:00,132.98
2021-05-31 00:00:00,2021-06-01 00:00:00,NaN
2021-06-01 00:00:00,2021-06-02 00:00:00,NaN
2021-06-02 00:00:00,2021-06-03 00:00:00,NaN
2021-06-03 00:00:00,2021-06-04 00:00:00,NaN
2021-06-04 00:00:00,2021-06-05 00:00:00,NaN
2021-06-05 00:00:00,2021-06-06 00:00:00,NaN
2021-06-06 00:00:00,2021-06-07 00:00:00,NaN
2021-06-07 00:00:00,2021-06-08 00:00:00,NaN
2021-06-08 00:00:00,2021-06-09 00:00:00,NaN
2021-06-09 00:00:00,2021-06-10 00:00:00,NaN
2021-06-10 00:00:00,2021-06-11 00:00:00,NaN
2021-06-11 00:00:00,2021-06-12 00:00:00,NaN
2021-06-12 00:00:00,2021-06-13 00:00:00,NaN
2021-06-13 00:00:00,2021-06-14 00:00:00,NaN
2021-06-14 00:00:00,2021-06-15 00:00:00,NaN
2021-06-15 00:00:00,2021-06-16 00:00:00,NaN
2021-06-16 00:00:00,2021-06-17 00:00:00,NaN
2021-06-17 00:00:00,2021-06-18 00:00:00,NaN
2021-06-18 00:00:00,2021-06-19 00:00:00,38.47
2021-06-19 00:00:00,2021-06-20 00:00:00,38.96
2021-06-20 00:00:00,2021-06-21 00:00:00,38.98
2021-06-21 00:00:00,2021-06-22 00:00:00,38.94
2021-06-22 00:00:00,2021-06-23 00:00:00,39.71
2021-06-23 00:00:00,2021-06-24 00:00:00,38.44
2021-06-24 00:00:00,2021-06-25 00:00:00,39.26
2021-06-25 00:00:00,2021-06-26 00:00:00,39.19
2021-06-26 00:00:00,2021-06-27 00:00:00,39.76
2021-06-27 00:00:00,2021-06-28 00:00:00,177.27
2021-06-28 00:00:00,2021-06-29 00:00:00,1204.14
2021-06-29 00:00:00,2021-06-30 00:00:00,3835.45
2021-06-30 00:00:00,2021-07-01 00:00:00,NaN
2021-07-01 00:00:00,2021-07-02 00:00:00,2310.47
2021-07-02 00:00:00,2021-07-03 00:00:00,NaN
2021-07-03 00:00:00,2021-07-04 00:00:00,585.12
2021-07-04 00:00:00,2021-07-05 00:00:00,NaN
2021-07-05 00:00:00,2021-07-06 00:00:00,1041.58
2021-07-06 00:00:00,2021-07-07 00:00:00,565.60
2021-07-07 00:00:00,2021-07-08 00:00:00,332.24
2021-07-08 00:00:00,2021-07-09 00:00:00,303.23
2021-07-09 00:00:00,2021-07-10 00:00:00,214.38
2021-07-10 00:00:00,2021-07-11 00:00:00,137.49
2021-07-11 00:00:00,2021-07-12 00:00:00,NaN
2021-07-12 00:00:00,2021-07-13 00:00:00,100.23
2021-07-13 00:00:00,2021-07-14 00:00:00,310.91
2021-07-14 00:00:00,2021-07-15 00:00:00,NaN
2021-07-15 00:00:00,2021-07-16 00:00:00,946.12
2021-07-16 00:00:00,2021-07-17 00:00:00,404.28
2021-07-17 00:00:00,2021-07-18 00:00:00,326.85
2021-07-18 00:00:00,2021-07-19 00:00:00,321.95
2021-07-19 00:00:00,2021-07-20 00:00:00,202.30
2021-07-20 00:00:00,2021-07-21 00:00:00,284.85
2021-07-21 00:00:00,2021-07-22 00:00:00,196.91
2021-07-22 00:00:00,2021-07-23 00:00:00,135.69
2021-07-23 00:00:00,2021-07-24 00:00:00,121.35
2021-07-24 00:00:00,2021-07-25 00:00:00,100.77
2021-07-25 00:00:00,2021-07-26 00:00:00,87.49
2021-07-26 00:00:00,2021-07-27 00:00:00,75.58
2021-07-27 00:00:00,2021-07-28 00:00:00,158.88
2021-07-28 00:00:00,2021-07-29 00:00:00,143.73
2021-07-29 00:00:00,2021-07-30 00:00:00,172.92
2021-07-30 00:00:00,2021-07-31 00:00:00,112.79
2021-07-31 00:00:00,2021-08-01 00:00:00,82.95
2021-08-01 00:00:00,2021-08-02 00:00:00,172.34
2021-08-02 00:00:00,2021-08-03 00:00:00,242.52
2021-08-03 00:00:00,2021-08-04 00:00:00,266.74
2021-08-04 00:00:00,2021-08-05 00:00:00,251.07
2021-08-05 00:00:00,2021-08-06 00:00:00,518.76
2021-08-06 00:00:00,2021-08-07 00:00:00,244.83
2021-08-07 00:00:00,2021-08-08 00:00:00,174.17
2021-08-08 00:00:00,2021-08-09 00:00:00,118.14
2021-08-09 00:00:00,2021-08-10 00:00:00,149.05
2021-08-10 00:00:00,2021-08-11 00:00:00,353.10
2021-08-11 00:00:00,2021-08-12 00:00:00,928.00
2021-08-12 00:00:00,2021-08-13 00:00:00,NaN
2021-08-13 00:00:00,2021-08-14 00:00:00,NaN
2021-08-14 00:00:00,2021-08-15 00:00:00,NaN
2021-08-15 00:00:00,2021-08-16 00:00:00,NaN
2021-08-16 00:00:00,2021-08-17 00:00:00,NaN
2021-08-17 00:00:00,2021-08-18 00:00:00,1611.30
2021-08-18 00:00:00,2021-08-19 00:00:00,2527.95
2021-08-19 00:00:00,2021-08-20 00:00:00,807.69
2021-08-20 00:00:00,2021-08-21 00:00:00,1793.67
2021-08-21 00:00:00,2021-08-22 00:00:00,2038.85
2021-08-22 00:00:00,2021-08-23 00:00:00,939.28
2021-08-23 00:00:00,2021-08-24 00:00:00,828.39
2021-08-24 00:00:00,2021-08-25 00:00:00,859.98
2021-08-25 00:00:00,2021-08-26 00:00:00,371.09
2021-08-26 00:00:00,2021-08-27 00:00:00,271.17
2021-08-27 00:00:00,2021-08-28 00:00:00,212.21
2021-08-28 00:00:00,2021-08-29 00:00:00,182.83
2021-08-29 00:00:00,2021-08-30 00:00:00,167.31
2021-08-30 00:00:00,2021-08-31 00:00:00,192.30
2021-08-31 00:00:00,2021-09-01 00:00:00,133.61
2021-09-01 00:00:00,2021-09-02 00:00:00,298.60
2021-09-02 00:00:00,2021-09-03 00:00:00,884.85
2021-09-03 00:00:00,2021-09-04 00:00:00,1039.20
2021-09-04 00:00:00,2021-09-05 00:00:00,481.57
2021-09-05 00:00:00,2021-09-06 00:00:00,430.85
2021-09-06 00:00:00,2021-09-07 00:00:00,341.97
2021-09-07 00:00:00,2021-09-08 00:00:00,242.15
2021-09-08 00:00:00,2021-09-09 00:00:00,173.39
2021-09-09 00:00:00,2021-09-10 00:00:00,149.13
2021-09-10 00:00:00,2021-09-11 00:00:00,140.44
2021-09-11 00:00:00,2021-09-12 00:00:00,115.98
2021-09-12 00:00:00,2021-09-13 00:00:00,104.64
2021-09-13 00:00:00,2021-09-14 00:00:00,97.49
2021-09-14 00:00:00,2021-09-15 00:00:00,95.15
2021-09-15 00:00:00,2021-09-16 00:00:00,87.18
2021-09-16 00:00:00,2021-09-17 00:00:00,86.16
2021-09-17 00:00:00,2021-09-18 00:00:00,443.81
2021-09-18 00:00:00,2021-09-19 00:00:00,261.15
2021-09-19 00:00:00,2021-09-20 00:00:00,118.56
2021-09-20 00:00:00,2021-09-21 00:00:00,97.90
2021-09-21 00:00:00,2021-09-22 00:00:00,96.34
2021-09-22 00:00:00,2021-09-23 00:00:00,94.38
2021-09-23 00:00:00,2021-09-24 00:00:00,97.14
2021-09-24 00:00:00,2021-09-25 00:00:00,92.93
2021-09-25 00:00:00,2021-09-26 00:00:00,90.45
2021-09-26 00:00:00,2021-09-27 00:00:00,90.56
2021-09-27 00:00:00,2021-09-28 00:00:00,119.25
2021-09-28 00:00:00,2021-09-29 00:00:00,135.88
2021-09-29 00:00:00,2021-09-30 00:00:00,133.06
2021-09-30 00:00:00,2021-10-01 00:00:00,149.14
2021-10-01 00:00:00,2021-10-02 00:00:00,315.97
2021-10-02 00:00:00,2021-10-03 00:00:00,219.73
2021-10-03 00:00:00,2021-10-04 00:00:00,126.53
2021-10-04 00:00:00,2021-10-05 00:00:00,94.51
2021-10-05 00:00:00,2021-10-06 00:00:00,103.36
2021-10-06 00:00:00,2021-10-07 00:00:00,79.48
2021-10-07 00:00:00,2021-10-08 00:00:00,78.08
2021-10-08 00:00:00,2021-10-09 00:00:00,149.02
2021-10-09 00:00:00,2021-10-10 00:00:00,108.12
2021-10-10 00:00:00,2021-10-11 00:00:00,84.94
2021-10-11 00:00:00,2021-10-12 00:00:00,76.55
2021-10-12 00:00:00,2021-10-13 00:00:00,73.71
2021-10-13 00:00:00,2021-10-14 00:00:00,69.27
2021-10-14 00:00:00,2021-10-15 00:00:00,66.11
2021-10-15 00:00:00,2021-10-16 00:00:00,59.67
2021-10-16 00:00:00,2021-10-17 00:00:00,59.61
2021-10-17 00:00:00,2021-10-18 00:00:00,59.14
2021-10-18 00:00:00,2021-10-19 00:00:00,61.57
2021-10-19 00:00:00,2021-10-20 00:00:00,56.93
2021-10-20 00:00:00,2021-10-21 00:00:00,53.44
2021-10-21 00:00:00,2021-10-22 00:00:00,1934.07
2021-10-22 00:00:00,2021-10-23 00:00:00,NaN
2021-10-23 00:00:00,2021-10-24 00:00:00,NaN
2021-10-24 00:00:00,2021-10-25 00:00:00,NaN
2021-10-25 00:00:00,2021-10-26 00:00:00,NaN
2021-10-26 00:00:00,2021-10-27 00:00:00,NaN
2021-10-27 00:00:00,2021-10-28 00:00:00,68.16
2021-10-28 00:00:00,2021-10-29 00:00:00,58.82
2021-10-29 00:00:00,2021-10-30 00:00:00,54.54
2021-10-30 00:00:00,2021-10-31 00:00:00,52.77
2021-10-31 00:00:00,2021-11-01 00:00:00,50.64
2021-11-01 00:00:00,2021-11-02 00:00:00,48.21
2021-11-02 00:00:00,2021-11-03 00:00:00,46.26
2021-11-03 00:00:00,2021-11-04 00:00:00,45.43
2021-11-04 00:00:00,2021-11-05 00:00:00,45.85
2021-11-05 00:00:00,2021-11-06 00:00:00,45.78
2021-11-06 00:00:00,2021-11-07 00:00:00,45.19
2021-11-07 00:00:00,2021-11-08 00:00:00,44.81
2021-11-08 00:00:00,2021-11-09 00:00:00,43.94
2021-11-09 00:00:00,2021-11-10 00:00:00,44.04
2021-11-10 00:00:00,2021-11-11 00:00:00,43.88
2021-11-11 00:00:00,2021-11-12 00:00:00,42.70
2021-11-12 00:00:00,2021-11-13 00:00:00,42.21
2021-11-13 00:00:00,2021-11-14 00:00:00,42.28
2021-11-14 00:00:00,2021-11-15 00:00:00,42.04
2021-11-15 00:00:00,2021-11-16 00:00:00,42.19
2021-11-16 00:00:00,2021-11-17 00:00:00,42.13
2021-11-17 00:00:00,2021-11-18 00:00:00,41.87
2021-11-18 00:00:00,2021-11-19 00:00:00,NaN
2021-11-19 00:00:00,2021-11-20 00:00:00,NaN
2021-11-20 00:00:00,2021-11-21 00:00:00,41.51
2021-11-21 00:00:00,2021-11-22 00:00:00,NaN
2021-11-22 00:00:00,2021-11-23 00:00:00,NaN
2021-11-23 00:00:00,2021-11-24 00:00:00,NaN
2021-11-24 00:00:00,2021-11-25 00:00:00,NaN
2021-11-25 00:00:00,2021-11-26 00:00:00,NaN
2021-11-26 00:00:00,2021-11-27 00:00:00,NaN
2021-11-27 00:00:00,2021-11-28 00:00:00,NaN
2021-11-28 00:00:00,2021-11-29 00:00:00,NaN
2021-11-29 00:00:00,2021-11-30 00:00:00,NaN
2021-11-30 00:00:00,2021-12-01 00:00:00,NaN
2021-12-01 00:00:00,2021-12-02 00:00:00,NaN
2021-12-02 00:00:00,2021-12-03 00:00:00,NaN
2021-12-03 00:00:00,2021-12-04 00:00:00,NaN
2021-12-04 00:00:00,2021-12-05 00:00:00,NaN
2021-12-05 00:00:00,2021-12-06 00:00:00,NaN
2021-12-06 00:00:00,2021-12-07 00:00:00,NaN
2021-12-07 00:00:00,2021-12-08 00:00:00,NaN
2021-12-08 00:00:00,2021-12-09 00:00:00,40.11
2021-12-09 00:00:00,2021-12-10 00:00:00,40.28
2021-12-10 00:00:00,2021-12-11 00:00:00,40.53
2021-12-11 00:00:00,2021-12-12 00:00:00,40.55
2021-12-12 00:00:00,2021-12-13 00:00:00,42.30
2021-12-13 00:00:00,2021-12-14 00:00:00,42.23
2021-12-14 00:00:00,2021-12-15 00:00:00,42.04
2021-12-15 00:00:00,2021-12-16 00:00:00,42.10
2021-12-16 00:00:00,2021-12-17 00:00:00,41.92
2021-12-17 00:00:00,2021-12-18 00:00:00,41.77
2021-12-18 00:00:00,2021-12-19 00:00:00,39.79
2021-12-19 00:00:00,2021-12-20 00:00:00,42.95
2021-12-20 00:00:00,2021-12-21 00:00:00,43.73
2021-12-21 00:00:00,2021-12-22 00:00:00,44.11
2021-12-22 00:00:00,2021-12-23 00:00:00,46.63
2021-12-23 00:00:00,2021-12-24 00:00:00,48.88
2021-12-24 00:00:00,2021-12-25 00:00:00,50.54
2021-12-25 00:00:00,2021-12-26 00:00:00,51.64
2021-12-26 00:00:00,2021-12-27 00:00:00,51.25
2021-12-27 00:00:00,2021-12-28 00:00:00,51.77
2021-12-28 00:00:00,2021-12-29 00:00:00,57.54
2021-12-29 00:00:00,2021-12-30 00:00:00,66.61
2021-12-30 00:00:00,2021-12-31 00:00:00,65.54
2021-12-31 00:00:00,2022-01-01 00:00:00,62.38
2022-01-01 00:00:00,2022-01-02 00:00:00,68.46
2022-01-02 00:00:00,2022-01-03 00:00:00,70.06
2022-01-03 00:00:00,2022-01-04 00:00:00,69.66
2022-01-04 00:00:00,2022-01-05 00:00:00,68.15
2022-01-05 00:00:00,2022-01-06 00:00:00,70.50
2022-01-06 00:00:00,2022-01-07 00:00:00,74.27
2022-01-07 00:00:00,2022-01-08 00:00:00,76.62
2022-01-08 00:00:00,2022-01-09 00:00:00,79.34
2022-01-09 00:00:00,2022-01-10 00:00:00,77.53
2022-01-10 00:00:00,2022-01-11 00:00:00,81.43
2022-01-11 00:00:00,2022-01-12 00:00:00,83.19
2022-01-12 00:00:00,2022-01-13 00:00:00,83.07
2022-01-13 00:00:00,2022-01-14 00:00:00,81.74
2022-01-14 00:00:00,2022-01-15 00:00:00,82.21
2022-01-15 00:00:00,2022-01-16 00:00:00,83.12
2022-01-16 00:00:00,2022-01-17 00:00:00,86.45
2022-01-17 00:00:00,2022-01-18 00:00:00,86.22
2022-01-18 00:00:00,2022-01-19 00:00:00,87.17
2022-01-19 00:00:00,2022-01-20 00:00:00,87.30
2022-01-20 00:00:00,2022-01-21 00:00:00,84.96
2022-01-21 00:00:00,2022-01-22 00:00:00,90.14
2022-01-22 00:00:00,2022-01-23 00:00:00,90.23
2022-01-23 00:00:00,2022-01-24 00:00:00,87.92
2022-01-24 00:00:00,2022-01-25 00:00:00,89.06
2022-01-25 00:00:00,2022-01-26 00:00:00,88.32
2022-01-26 00:00:00,2022-01-27 00:00:00,88.13
2022-01-27 00:00:00,2022-01-28 00:00:00,90.23
2022-01-28 00:00:00,2022-01-29 00:00:00,89.03
2022-01-29 00:00:00,2022-01-30 00:00:00,92.42
2022-01-30 00:00:00,2022-01-31 00:00:00,93.26
2022-01-31 00:00:00,2022-02-01 00:00:00,94.00
2022-02-01 00:00:00,2022-02-02 00:00:00,90.81
2022-02-02 00:00:00,2022-02-03 00:00:00,87.53
2022-02-03 00:00:00,2022-02-04 00:00:00,85.20
2022-02-04 00:00:00,2022-02-05 00:00:00,82.18
2022-02-05 00:00:00,2022-02-06 00:00:00,83.48
2022-02-06 00:00:00,2022-02-07 00:00:00,80.16
2022-02-07 00:00:00,2022-02-08 00:00:00,75.84
2022-02-08 00:00:00,2022-02-09 00:00:00,79.10
2022-02-09 00:00:00,2022-02-10 00:00:00,76.28
2022-02-10 00:00:00,2022-02-11 00:00:00,75.07
2022-02-11 00:00:00,2022-02-12 00:00:00,75.29
2022-02-12 00:00:00,2022-02-13 00:00:00,73.51
2022-02-13 00:00:00,2022-02-14 00:00:00,70.78
2022-02-14 00:00:00,2022-02-15 00:00:00,68.65
2022-02-15 00:00:00,2022-02-16 00:00:00,67.78
2022-02-16 00:00:00,2022-02-17 00:00:00,67.07
2022-02-17 00:00:00,2022-02-18 00:00:00,63.23
2022-02-18 00:00:00,2022-02-19 00:00:00,62.98
2022-02-19 00:00:00,2022-02-20 00:00:00,65.15
2022-02-20 00:00:00,2022-02-21 00:00:00,68.34
2022-02-21 00:00:00,2022-02-22 00:00:00,66.83
2022-02-22 00:00:00,2022-02-23 00:00:00,63.87
2022-02-23 00:00:00,2022-02-24 00:00:00,60.49
2022-02-24 00:00:00,2022-02-25 00:00:00,57.88
2022-02-25 00:00:00,2022-02-26 00:00:00,55.73
2022-02-26 00:00:00,2022-02-27 00:00:00,54.47
2022-02-27 00:00:00,2022-02-28 00:00:00,52.81
2022-02-28 00:00:00,2022-03-01 00:00:00,54.56
2022-03-01 00:00:00,2022-03-02 00:00:00,56.13
2022-03-02 00:00:00,2022-03-03 00:00:00,56.19
2022-03-03 00:00:00,2022-03-04 00:00:00,65.29
2022-03-04 00:00:00,2022-03-05 00:00:00,68.39
2022-03-05 00:00:00,2022-03-06 00:00:00,67.92
2022-03-06 00:00:00,2022-03-07 00:00:00,62.59
2022-03-07 00:00:00,2022-03-08 00:00:00,53.79
2022-03-08 00:00:00,2022-03-09 00:00:00,52.96
2022-03-09 00:00:00,2022-03-10 00:00:00,50.86
2022-03-10 00:00:00,2022-03-11 00:00:00,49.85
2022-03-11 00:00:00,2022-03-12 00:00:00,46.02
2022-03-12 00:00:00,2022-03-13 00:00:00,46.71
2022-03-13 00:00:00,2022-03-14 00:00:00,46.64
2022-03-14 00:00:00,2022-03-15 00:00:00,47.32
2022-03-15 00:00:00,2022-03-16 00:00:00,47.08
2022-03-16 00:00:00,2022-03-17 00:00:00,46.63
2022-03-17 00:00:00,2022-03-18 00:00:00,45.17
2022-03-18 00:00:00,2022-03-19 00:00:00,41.27
2022-03-19 00:00:00,2022-03-20 00:00:00,41.51
2022-03-20 00:00:00,2022-03-21 00:00:00,40.33
2022-03-21 00:00:00,2022-03-22 00:00:00,38.91
2022-03-22 00:00:00,2022-03-23 00:00:00,36.85
2022-03-23 00:00:00,2022-03-24 00:00:00,37.48
2022-03-24 00:00:00,2022-03-25 00:00:00,38.23
2022-03-25 00:00:00,2022-03-26 00:00:00,38.48
2022-03-26 00:00:00,2022-03-27 00:00:00,38.84
2022-03-27 00:00:00,2022-03-28 00:00:00,39.07
2022-03-28 00:00:00,2022-03-29 00:00:00,38.44
2022-03-29 00:00:00,2022-03-30 00:00:00,37.74
2022-03-30 00:00:00,2022-03-31 00:00:00,36.06
2022-03-31 00:00:00,2022-04-01 00:00:00,35.19
2022-04-01 00:00:00,2022-04-02 00:00:00,35.08
2022-04-02 00:00:00,2022-04-03 00:00:00,34.61
2022-04-03 00:00:00,2022-04-04 00:00:00,34.69
2022-04-04 00:00:00,2022-04-05 00:00:00,33.91
2022-04-05 00:00:00,2022-04-06 00:00:00,33.64
2022-04-06 00:00:00,2022-04-07 00:00:00,32.02
2022-04-07 00:00:00,2022-04-08 00:00:00,32.40
2022-04-08 00:00:00,2022-04-09 00:00:00,31.82
2022-04-09 00:00:00,2022-04-10 00:00:00,32.83
2022-04-10 00:00:00,2022-04-11 00:00:00,33.48
2022-04-11 00:00:00,2022-04-12 00:00:00,32.91
2022-04-12 00:00:00,2022-04-13 00:00:00,32.25
2022-04-13 00:00:00,2022-04-14 00:00:00,31.53
2022-04-14 00:00:00,2022-04-15 00:00:00,32.02
2022-04-15 00:00:00,2022-04-16 00:00:00,32.59
2022-04-16 00:00:00,2022-04-17 00:00:00,32.46
2022-04-17 00:00:00,2022-04-18 00:00:00,32.39
2022-04-18 00:00:00,2022-04-19 00:00:00,32.46
2022-04-19 00:00:00,2022-04-20 00:00:00,31.57
2022-04-20 00:00:00,2022-04-21 00:00:00,31.98
2022-04-21 00:00:00,2022-04-22 00:00:00,31.48
2022-04-22 00:00:00,2022-04-23 00:00:00,30.75
2022-04-23 00:00:00,2022-04-24 00:00:00,30.40
2022-04-24 00:00:00,2022-04-25 00:00:00,30.88
2022-04-25 00:00:00,2022-04-26 00:00:00,30.00
2022-04-26 00:00:00,2022-04-27 00:00:00,31.47
2022-04-27 00:00:00,2022-04-28 00:00:00,32.44
2022-04-28 00:00:00,2022-04-29 00:00:00,31.50
2022-04-29 00:00:00,2022-04-30 00:00:00,31.06
2022-04-30 00:00:00,2022-05-01 00:00:00,30.55
2022-05-01 00:00:00,2022-05-02 00:00:00,758.02
2022-05-02 00:00:00,2022-05-03 00:00:00,NaN
2022-05-03 00:00:00,2022-05-04 00:00:00,NaN
2022-05-04 00:00:00,2022-05-05 00:00:00,NaN
2022-05-05 00:00:00,2022-05-06 00:00:00,NaN
2022-05-06 00:00:00,2022-05-07 00:00:00,NaN
2022-05-07 00:00:00,2022-05-08 00:00:00,NaN
2022-05-08 00:00:00,2022-05-09 00:00:00,NaN
2022-05-09 00:00:00,2022-05-10 00:00:00,NaN
2022-05-10 00:00:00,2022-05-11 00:00:00,NaN
2022-05-11 00:00:00,2022-05-12 00:00:00,NaN
2022-05-12 00:00:00,2022-05-13 00:00:00,1479.34
2022-05-13 00:00:00,2022-05-14 00:00:00,373.14
2022-05-14 00:00:00,2022-05-15 00:00:00,69.73
2022-05-15 00:00:00,2022-05-16 00:00:00,42.47
2022-05-16 00:00:00,2022-05-17 00:00:00,38.44
2022-05-17 00:00:00,2022-05-18 00:00:00,34.43
2022-05-18 00:00:00,2022-05-19 00:00:00,33.59
2022-05-19 00:00:00,2022-05-20 00:00:00,33.18
2022-05-20 00:00:00,2022-05-21 00:00:00,33.31
2022-05-21 00:00:00,2022-05-22 00:00:00,33.74
2022-05-22 00:00:00,2022-05-23 00:00:00,34.58
2022-05-23 00:00:00,2022-05-24 00:00:00,36.67
2022-05-24 00:00:00,2022-05-25 00:00:00,41.56
2022-05-25 00:00:00,2022-05-26 00:00:00,59.42
2022-05-26 00:00:00,2022-05-27 00:00:00,41.11
2022-05-27 00:00:00,2022-05-28 00:00:00,35.57
2022-05-28 00:00:00,2022-05-29 00:00:00,33.08
2022-05-29 00:00:00,2022-05-30 00:00:00,31.77
2022-05-30 00:00:00,2022-05-31 00:00:00,30.74
2022-05-31 00:00:00,2022-06-01 00:00:00,31.33
2022-06-01 00:00:00,2022-06-02 00:00:00,28.91
2022-06-02 00:00:00,2022-06-03 00:00:00,320.72
2022-06-03 00:00:00,2022-06-04 00:00:00,490.62
2022-06-04 00:00:00,2022-06-05 00:00:00,1941.55
2022-06-05 00:00:00,2022-06-06 00:00:00,697.73
2022-06-06 00:00:00,2022-06-07 00:00:00,298.90
2022-06-07 00:00:00,2022-06-08 00:00:00,145.24
2022-06-08 00:00:00,2022-06-09 00:00:00,93.39
2022-06-09 00:00:00,2022-06-10 00:00:00,241.47
2022-06-10 00:00:00,2022-06-11 00:00:00,56.52
2022-06-11 00:00:00,2022-06-12 00:00:00,52.04
2022-06-12 00:00:00,2022-06-13 00:00:00,53.18
2022-06-13 00:00:00,2022-06-14 00:00:00,43.26
2022-06-14 00:00:00,2022-06-15 00:00:00,37.67
2022-06-15 00:00:00,2022-06-16 00:00:00,146.97
2022-06-16 00:00:00,2022-06-17 00:00:00,147.06
2022-06-17 00:00:00,2022-06-18 00:00:00,184.24
2022-06-18 00:00:00,2022-06-19 00:00:00,88.31
2022-06-19 00:00:00,2022-06-20 00:00:00,60.30
2022-06-20 00:00:00,2022-06-21 00:00:00,113.72
2022-06-21 00:00:00,2022-06-22 00:00:00,45.45
2022-06-22 00:00:00,2022-06-23 00:00:00,39.47
2022-06-23 00:00:00,2022-06-24 00:00:00,34.77
2022-06-24 00:00:00,2022-06-25 00:00:00,33.42
2022-06-25 00:00:00,2022-06-26 00:00:00,106.80
2022-06-26 00:00:00,2022-06-27 00:00:00,83.14
2022-06-27 00:00:00,2022-06-28 00:00:00,62.41
2022-06-28 00:00:00,2022-06-29 00:00:00,98.17
2022-06-29 00:00:00,2022-06-30 00:00:00,52.59
2022-06-30 00:00:00,2022-07-01 00:00:00,50.31
2022-07-01 00:00:00,2022-07-02 00:00:00,43.07
2022-07-02 00:00:00,2022-07-03 00:00:00,36.65
2022-07-03 00:00:00,2022-07-04 00:00:00,42.56
2022-07-04 00:00:00,2022-07-05 00:00:00,35.14
2022-07-05 00:00:00,2022-07-06 00:00:00,602.68
2022-07-06 00:00:00,2022-07-07 00:00:00,602.82
2022-07-07 00:00:00,2022-07-08 00:00:00,3162.92
2022-07-08 00:00:00,2022-07-09 00:00:00,1073.74
2022-07-09 00:00:00,2022-07-10 00:00:00,480.12
2022-07-10 00:00:00,2022-07-11 00:00:00,385.12
2022-07-11 00:00:00,2022-07-12 00:00:00,202.85
2022-07-12 00:00:00,2022-07-13 00:00:00,110.78
2022-07-13 00:00:00,2022-07-14 00:00:00,103.83
2022-07-14 00:00:00,2022-07-15 00:00:00,110.14
2022-07-15 00:00:00,2022-07-16 00:00:00,251.49
2022-07-16 00:00:00,2022-07-17 00:00:00,208.16
2022-07-17 00:00:00,2022-07-18 00:00:00,132.23
2022-07-18 00:00:00,2022-07-19 00:00:00,80.23
2022-07-19 00:00:00,2022-07-20 00:00:00,64.65
2022-07-20 00:00:00,2022-07-21 00:00:00,54.30
2022-07-21 00:00:00,2022-07-22 00:00:00,47.05
2022-07-22 00:00:00,2022-07-23 00:00:00,42.70
2022-07-23 00:00:00,2022-07-24 00:00:00,44.04
2022-07-24 00:00:00,2022-07-25 00:00:00,37.70
2022-07-25 00:00:00,2022-07-26 00:00:00,35.29
2022-07-26 00:00:00,2022-07-27 00:00:00,66.65
2022-07-27 00:00:00,2022-07-28 00:00:00,251.60
2022-07-28 00:00:00,2022-07-29 00:00:00,161.07
2022-07-29 00:00:00,2022-07-30 00:00:00,141.42
2022-07-30 00:00:00,2022-07-31 00:00:00,366.87
2022-07-31 00:00:00,2022-08-01 00:00:00,661.44
2022-08-01 00:00:00,2022-08-02 00:00:00,313.45
2022-08-02 00:00:00,2022-08-03 00:00:00,135.57
2022-08-03 00:00:00,2022-08-04 00:00:00,98.97
2022-08-04 00:00:00,2022-08-05 00:00:00,73.93
2022-08-05 00:00:00,2022-08-06 00:00:00,57.39
2022-08-06 00:00:00,2022-08-07 00:00:00,48.32
2022-08-07 00:00:00,2022-08-08 00:00:00,42.17
2022-08-08 00:00:00,2022-08-09 00:00:00,38.80
2022-08-09 00:00:00,2022-08-10 00:00:00,37.54
2022-08-10 00:00:00,2022-08-11 00:00:00,37.84
2022-08-11 00:00:00,2022-08-12 00:00:00,35.77
2022-08-12 00:00:00,2022-08-13 00:00:00,35.14
2022-08-13 00:00:00,2022-08-14 00:00:00,48.73
2022-08-14 00:00:00,2022-08-15 00:00:00,76.88
2022-08-15 00:00:00,2022-08-16 00:00:00,61.06
2022-08-16 00:00:00,2022-08-17 00:00:00,54.71
2022-08-17 00:00:00,2022-08-18 00:00:00,1125.68
2022-08-18 00:00:00,2022-08-19 00:00:00,4537.86
2022-08-19 00:00:00,2022-08-20 00:00:00,3321.15
2022-08-20 00:00:00,2022-08-21 00:00:00,5207.81
2022-08-21 00:00:00,2022-08-22 00:00:00,5023.65
2022-08-22 00:00:00,2022-08-23 00:00:00,4556.46
2022-08-23 00:00:00,2022-08-24 00:00:00,5790.94
2022-08-24 00:00:00,2022-08-25 00:00:00,6430.05
2022-08-25 00:00:00,2022-08-26 00:00:00,6083.49
2022-08-26 00:00:00,2022-08-27 00:00:00,6325.83
2022-08-27 00:00:00,2022-08-28 00:00:00,2909.95
2022-08-28 00:00:00,2022-08-29 00:00:00,1602.03
2022-08-29 00:00:00,2022-08-30 00:00:00,1919.84
2022-08-30 00:00:00,2022-08-31 00:00:00,3639.43
2022-08-31 00:00:00,2022-09-01 00:00:00,3111.35
2022-09-01 00:00:00,2022-09-02 00:00:00,9534.32
2022-09-02 00:00:00,2022-09-03 00:00:00,7086.30
2022-09-03 00:00:00,2022-09-04 00:00:00,6557.14
2022-09-04 00:00:00,2022-09-05 00:00:00,8849.90
2022-09-05 00:00:00,2022-09-06 00:00:00,NaN
2022-09-06 00:00:00,2022-09-07 00:00:00,NaN
2022-09-07 00:00:00,2022-09-08 00:00:00,NaN
2022-09-08 00:00:00,2022-09-09 00:00:00,4474.69
2022-09-09 00:00:00,2022-09-10 00:00:00,4955.62
2022-09-10 00:00:00,2022-09-11 00:00:00,5312.19
2022-09-11 00:00:00,2022-09-12 00:00:00,5671.98
2022-09-12 00:00:00,2022-09-13 00:00:00,NaN
2022-09-13 00:00:00,2022-09-14 00:00:00,6651.41
2022-09-14 00:00:00,2022-09-15 00:00:00,NaN
2022-09-15 00:00:00,2022-09-16 00:00:00,NaN
2022-09-16 00:00:00,2022-09-17 00:00:00,NaN
2022-09-17 00:00:00,2022-09-18 00:00:00,NaN
2022-09-18 00:00:00,2022-09-19 00:00:00,NaN
2022-09-19 00:00:00,2022-09-20 00:00:00,NaN
2022-09-20 00:00:00,2022-09-21 00:00:00,NaN
2022-09-21 00:00:00,2022-09-22 00:00:00,NaN
2022-09-22 00:00:00,2022-09-23 00:00:00,NaN
2022-09-23 00:00:00,2022-09-24 00:00:00,NaN
2022-09-24 00:00:00,2022-09-25 00:00:00,NaN
2022-09-25 00:00:00,2022-09-26 00:00:00,NaN
2022-09-26 00:00:00,2022-09-27 00:00:00,NaN
2022-09-27 00:00:00,2022-09-28 00:00:00,NaN
2022-09-28 00:00:00,2022-09-29 00:00:00,NaN
2022-09-29 00:00:00,2022-09-30 00:00:00,3654.88
2022-09-30 00:00:00,2022-10-01 00:00:00,NaN
2022-10-01 00:00:00,2022-10-02 00:00:00,NaN
2022-10-02 00:00:00,2022-10-03 00:00:00,NaN
2022-10-03 00:00:00,2022-10-04 00:00:00,NaN
2022-10-04 00:00:00,2022-10-05 00:00:00,3174.33
2022-10-05 00:00:00,2022-10-06 00:00:00,NaN
2022-10-06 00:00:00,2022-10-07 00:00:00,NaN
2022-10-07 00:00:00,2022-10-08 00:00:00,NaN
2022-10-08 00:00:00,2022-10-09 00:00:00,NaN
2022-10-09 00:00:00,2022-10-10 00:00:00,NaN
2022-10-10 00:00:00,2022-10-11 00:00:00,NaN
2022-10-11 00:00:00,2022-10-12 00:00:00,10632.44
2022-10-12 00:00:00,2022-10-13 00:00:00,NaN
2022-10-13 00:00:00,2022-10-14 00:00:00,NaN
2022-10-14 00:00:00,2022-10-15 00:00:00,NaN
2022-10-15 00:00:00,2022-10-16 00:00:00,NaN
2022-10-16 00:00:00,2022-10-17 00:00:00,NaN
2022-10-17 00:00:00,2022-10-18 00:00:00,NaN
2022-10-18 00:00:00,2022-10-19 00:00:00,NaN
2022-10-19 00:00:00,2022-10-20 00:00:00,NaN
2022-10-20 00:00:00,2022-10-21 00:00:00,NaN
2022-10-21 00:00:00,2022-10-22 00:00:00,NaN
2022-10-22 00:00:00,2022-10-23 00:00:00,NaN
2022-10-23 00:00:00,2022-10-24 00:00:00,NaN
2022-10-24 00:00:00,2022-10-25 00:00:00,NaN
2022-10-25 00:00:00,2022-10-26 00:00:00,NaN
2022-10-26 00:00:00,2022-10-27 00:00:00,NaN
2022-10-27 00:00:00,2022-10-28 00:00:00,NaN
2022-10-28 00:00:00,2022-10-29 00:00:00,NaN
2022-10-29 00:00:00,2022-10-30 00:00:00,NaN
2022-10-30 00:00:00,2022-10-31 00:00:00,NaN
2022-10-31 00:00:00,2022-11-01 00:00:00,NaN
2022-11-01 00:00:00,2022-11-02 00:00:00,NaN
2022-11-02 00:00:00,2022-11-03 00:00:00,NaN
2022-11-03 00:00:00,2022-11-04 00:00:00,NaN
2022-11-04 00:00:00,2022-11-05 00:00:00,NaN
2022-11-05 00:00:00,2022-11-06 00:00:00,NaN
2022-11-06 00:00:00,2022-11-07 00:00:00,NaN
2022-11-07 00:00:00,2022-11-08 00:00:00,636.27
2022-11-08 00:00:00,2022-11-09 00:00:00,611.79
2022-11-09 00:00:00,2022-11-10 00:00:00,624.39
2022-11-10 00:00:00,2022-11-11 00:00:00,667.52
2022-11-11 00:00:00,2022-11-12 00:00:00,667.22
2022-11-12 00:00:00,2022-11-13 00:00:00,581.03
2022-11-13 00:00:00,2022-11-14 00:00:00,535.23
2022-11-14 00:00:00,2022-11-15 00:00:00,520.82
2022-11-15 00:00:00,2022-11-16 00:00:00,508.51
2022-11-16 00:00:00,2022-11-17 00:00:00,490.20
2022-11-17 00:00:00,2022-11-18 00:00:00,453.42
2022-11-18 00:00:00,2022-11-19 00:00:00,449.17
2022-11-19 00:00:00,2022-11-20 00:00:00,452.88
2022-11-20 00:00:00,2022-11-21 00:00:00,448.15
2022-11-21 00:00:00,2022-11-22 00:00:00,437.19
2022-11-22 00:00:00,2022-11-23 00:00:00,426.42
2022-11-23 00:00:00,2022-11-24 00:00:00,424.46
2022-11-24 00:00:00,2022-11-25 00:00:00,416.33
2022-11-25 00:00:00,2022-11-26 00:00:00,403.64
2022-11-26 00:00:00,2022-11-27 00:00:00,395.63
2022-11-27 00:00:00,2022-11-28 00:00:00,385.88
2022-11-28 00:00:00,2022-11-29 00:00:00,420.78
2022-11-29 00:00:00,2022-11-30 00:00:00,354.99
2022-11-30 00:00:00,2022-12-01 00:00:00,319.81
2022-12-01 00:00:00,2022-12-02 00:00:00,415.99
2022-12-02 00:00:00,2022-12-03 00:00:00,350.95
2022-12-03 00:00:00,2022-12-04 00:00:00,328.77
2022-12-04 00:00:00,2022-12-05 00:00:00,329.76
2022-12-05 00:00:00,2022-12-06 00:00:00,319.10
2022-12-06 00:00:00,2022-12-07 00:00:00,304.43
2022-12-07 00:00:00,2022-12-08 00:00:00,319.39
2022-12-08 00:00:00,2022-12-09 00:00:00,323.67
2022-12-09 00:00:00,2022-12-10 00:00:00,322.28
2022-12-10 00:00:00,2022-12-11 00:00:00,312.50
2022-12-11 00:00:00,2022-12-12 00:00:00,304.99
2022-12-12 00:00:00,2022-12-13 00:00:00,306.63
2022-12-13 00:00:00,2022-12-14 00:00:00,305.24
2022-12-14 00:00:00,2022-12-15 00:00:00,317.43
2022-12-15 00:00:00,2022-12-16 00:00:00,314.33
2022-12-16 00:00:00,2022-12-17 00:00:00,308.96
2022-12-17 00:00:00,2022-12-18 00:00:00,446.41
2022-12-18 00:00:00,2022-12-19 00:00:00,610.75
2022-12-19 00:00:00,2022-12-20 00:00:00,657.12
2022-12-20 00:00:00,2022-12-21 00:00:00,544.60
2022-12-21 00:00:00,2022-12-22 00:00:00,462.49
2022-12-22 00:00:00,2022-12-23 00:00:00,411.95
2022-12-23 00:00:00,2022-12-24 00:00:00,377.85
2022-12-24 00:00:00,2022-12-25 00:00:00,372.61
2022-12-25 00:00:00,2022-12-26 00:00:00,332.82
2022-12-26 00:00:00,2022-12-27 00:00:00,300.03
2022-12-27 00:00:00,2022-12-28 00:00:00,307.70
2022-12-28 00:00:00,2022-12-29 00:00:00,318.50
2022-12-29 00:00:00,2022-12-30 00:00:00,314.41
2022-12-30 00:00:00,2022-12-31 00:00:00,299.16
2022-12-31 00:00:00,2023-01-01 00:00:00,288.15
2023-01-01 00:00:00,2023-01-02 00:00:00,280.19
2023-01-02 00:00:00,2023-01-03 00:00:00,278.23
2023-01-03 00:00:00,2023-01-04 00:00:00,277.19
2023-01-04 00:00:00,2023-01-05 00:00:00,278.27
2023-01-05 00:00:00,2023-01-06 00:00:00,276.48
2023-01-06 00:00:00,2023-01-07 00:00:00,259.67
2023-01-07 00:00:00,2023-01-08 00:00:00,258.94
2023-01-08 00:00:00,2023-01-09 00:00:00,267.17
2023-01-09 00:00:00,2023-01-10 00:00:00,270.71
2023-01-10 00:00:00,2023-01-11 00:00:00,275.67
2023-01-11 00:00:00,2023-01-12 00:00:00,276.21
2023-01-12 00:00:00,2023-01-13 00:00:00,275.96
2023-01-13 00:00:00,2023-01-14 00:00:00,277.06
2023-01-14 00:00:00,2023-01-15 00:00:00,272.19
2023-01-15 00:00:00,2023-01-16 00:00:00,272.08
2023-01-16 00:00:00,2023-01-17 00:00:00,277.83
2023-01-17 00:00:00,2023-01-18 00:00:00,283.19
2023-01-18 00:00:00,2023-01-19 00:00:00,288.79
2023-01-19 00:00:00,2023-01-20 00:00:00,278.96
2023-01-20 00:00:00,2023-01-21 00:00:00,275.33
2023-01-21 00:00:00,2023-01-22 00:00:00,265.31
2023-01-22 00:00:00,2023-01-23 00:00:00,264.08
2023-01-23 00:00:00,2023-01-24 00:00:00,257.98
2023-01-24 00:00:00,2023-01-25 00:00:00,257.92
2023-01-25 00:00:00,2023-01-26 00:00:00,257.21
2023-01-26 00:00:00,2023-01-27 00:00:00,264.47
2023-01-27 00:00:00,2023-01-28 00:00:00,263.27
2023-01-28 00:00:00,2023-01-29 00:00:00,261.94
2023-01-29 00:00:00,2023-01-30 00:00:00,267.10
2023-01-30 00:00:00,2023-01-31 00:00:00,263.50
2023-01-31 00:00:00,2023-02-01 00:00:00,254.75
2023-02-01 00:00:00,2023-02-02 00:00:00,264.17
2023-02-02 00:00:00,2023-02-03 00:00:00,286.46
2023-02-03 00:00:00,2023-02-04 00:00:00,301.23
2023-02-04 00:00:00,2023-02-05 00:00:00,280.04
2023-02-05 00:00:00,2023-02-06 00:00:00,292.52
2023-02-06 00:00:00,2023-02-07 00:00:00,296.62
2023-02-07 00:00:00,2023-02-08 00:00:00,289.33
2023-02-08 00:00:00,2023-02-09 00:00:00,287.23
2023-02-09 00:00:00,2023-02-10 00:00:00,274.46
2023-02-10 00:00:00,2023-02-11 00:00:00,271.17
2023-02-11 00:00:00,2023-02-12 00:00:00,268.02
2023-02-12 00:00:00,2023-02-13 00:00:00,258.75
2023-02-13 00:00:00,2023-02-14 00:00:00,250.73
2023-02-14 00:00:00,2023-02-15 00:00:00,245.62
2023-02-15 00:00:00,2023-02-16 00:00:00,239.26
2023-02-16 00:00:00,2023-02-17 00:00:00,228.23
2023-02-17 00:00:00,2023-02-18 00:00:00,215.85
2023-02-18 00:00:00,2023-02-19 00:00:00,203.82
2023-02-19 00:00:00,2023-02-20 00:00:00,196.52
2023-02-20 00:00:00,2023-02-21 00:00:00,192.17
2023-02-21 00:00:00,2023-02-22 00:00:00,187.34
2023-02-22 00:00:00,2023-02-23 00:00:00,185.61
2023-02-23 00:00:00,2023-02-24 00:00:00,184.35
2023-02-24 00:00:00,2023-02-25 00:00:00,175.78
2023-02-25 00:00:00,2023-02-26 00:00:00,167.31
2023-02-26 00:00:00,2023-02-27 00:00:00,156.01
2023-02-27 00:00:00,2023-02-28 00:00:00,146.58
2023-02-28 00:00:00,2023-03-01 00:00:00,139.18
2023-03-01 00:00:00,2023-03-02 00:00:00,136.19
2023-03-02 00:00:00,2023-03-03 00:00:00,133.95
2023-03-03 00:00:00,2023-03-04 00:00:00,128.16
2023-03-04 00:00:00,2023-03-05 00:00:00,127.72
2023-03-05 00:00:00,2023-03-06 00:00:00,126.64
2023-03-06 00:00:00,2023-03-07 00:00:00,122.86
2023-03-07 00:00:00,2023-03-08 00:00:00,120.81
2023-03-08 00:00:00,2023-03-09 00:00:00,117.80
2023-03-09 00:00:00,2023-03-10 00:00:00,115.21
2023-03-10 00:00:00,2023-03-11 00:00:00,113.66
2023-03-11 00:00:00,2023-03-12 00:00:00,109.72
2023-03-12 00:00:00,2023-03-13 00:00:00,104.46
2023-03-13 00:00:00,2023-03-14 00:00:00,99.02
2023-03-14 00:00:00,2023-03-15 00:00:00,93.75
2023-03-15 00:00:00,2023-03-16 00:00:00,91.03
2023-03-16 00:00:00,2023-03-17 00:00:00,89.11
2023-03-17 00:00:00,2023-03-18 00:00:00,88.55
2023-03-18 00:00:00,2023-03-19 00:00:00,114.68
2023-03-19 00:00:00,2023-03-20 00:00:00,168.82
2023-03-20 00:00:00,2023-03-21 00:00:00,170.93
2023-03-21 00:00:00,2023-03-22 00:00:00,148.52
2023-03-22 00:00:00,2023-03-23 00:00:00,135.83
2023-03-23 00:00:00,2023-03-24 00:00:00,136.04
2023-03-24 00:00:00,2023-03-25 00:00:00,147.88
2023-03-25 00:00:00,2023-03-26 00:00:00,184.04
2023-03-26 00:00:00,2023-03-27 00:00:00,153.48
2023-03-27 00:00:00,2023-03-28 00:00:00,136.45
2023-03-28 00:00:00,2023-03-29 00:00:00,NaN
2023-03-29 00:00:00,2023-03-30 00:00:00,118.33
2023-03-30 00:00:00,2023-03-31 00:00:00,114.64
2023-03-31 00:00:00,2023-04-01 00:00:00,110.58
2023-04-01 00:00:00,2023-04-02 00:00:00,106.52
2023-04-02 00:00:00,2023-04-03 00:00:00,106.15
2023-04-03 00:00:00,2023-04-04 00:00:00,101.95
2023-04-04 00:00:00,2023-04-05 00:00:00,101.59
2023-04-05 00:00:00,2023-04-06 00:00:00,96.87
2023-04-06 00:00:00,2023-04-07 00:00:00,99.41
2023-04-07 00:00:00,2023-04-08 00:00:00,99.60
2023-04-08 00:00:00,2023-04-09 00:00:00,98.45
2023-04-09 00:00:00,2023-04-10 00:00:00,105.91
2023-04-10 00:00:00,2023-04-11 00:00:00,99.81
2023-04-11 00:00:00,2023-04-12 00:00:00,96.24
2023-04-12 00:00:00,2023-04-13 00:00:00,94.73
2023-04-13 00:00:00,2023-04-14 00:00:00,93.52
2023-04-14 00:00:00,2023-04-15 00:00:00,94.15
2023-04-15 00:00:00,2023-04-16 00:00:00,90.53
2023-04-16 00:00:00,2023-04-17 00:00:00,89.59
2023-04-17 00:00:00,2023-04-18 00:00:00,88.33
2023-04-18 00:00:00,2023-04-19 00:00:00,87.28
2023-04-19 00:00:00,2023-04-20 00:00:00,86.48
2023-04-20 00:00:00,2023-04-21 00:00:00,84.60
2023-04-21 00:00:00,2023-04-22 00:00:00,80.48
2023-04-22 00:00:00,2023-04-23 00:00:00,78.12
2023-04-23 00:00:00,2023-04-24 00:00:00,73.95
2023-04-24 00:00:00,2023-04-25 00:00:00,74.89
2023-04-25 00:00:00,2023-04-26 00:00:00,74.02
2023-04-26 00:00:00,2023-04-27 00:00:00,71.37
2023-04-27 00:00:00,2023-04-28 00:00:00,67.25
2023-04-28 00:00:00,2023-04-29 00:00:00,64.21
2023-04-29 00:00:00,2023-04-30 00:00:00,62.92
2023-04-30 00:00:00,2023-05-01 00:00:00,62.95
2023-05-01 00:00:00,2023-05-02 00:00:00,63.71
2023-05-02 00:00:00,2023-05-03 00:00:00,64.00
2023-05-03 00:00:00,2023-05-04 00:00:00,66.01
2023-05-04 00:00:00,2023-05-05 00:00:00,62.50
2023-05-05 00:00:00,2023-05-06 00:00:00,60.46
2023-05-06 00:00:00,2023-05-07 00:00:00,60.27
2023-05-07 00:00:00,2023-05-08 00:00:00,66.67
2023-05-08 00:00:00,2023-05-09 00:00:00,74.32
2023-05-09 00:00:00,2023-05-10 00:00:00,73.59
2023-05-10 00:00:00,2023-05-11 00:00:00,65.33
2023-05-11 00:00:00,2023-05-12 00:00:00,58.63
2023-05-12 00:00:00,2023-05-13 00:00:00,349.27
2023-05-13 00:00:00,2023-05-14 00:00:00,911.19
2023-05-14 00:00:00,2023-05-15 00:00:00,808.60
2023-05-15 00:00:00,2023-05-16 00:00:00,1169.99
2023-05-16 00:00:00,2023-05-17 00:00:00,686.23
2023-05-17 00:00:00,2023-05-18 00:00:00,1577.50
2023-05-18 00:00:00,2023-05-19 00:00:00,730.32
2023-05-19 00:00:00,2023-05-20 00:00:00,403.82
2023-05-20 00:00:00,2023-05-21 00:00:00,297.26
2023-05-21 00:00:00,2023-05-22 00:00:00,279.85
2023-05-22 00:00:00,2023-05-23 00:00:00,222.79
2023-05-23 00:00:00,2023-05-24 00:00:00,189.05
2023-05-24 00:00:00,2023-05-25 00:00:00,193.88
2023-05-25 00:00:00,2023-05-26 00:00:00,231.86
2023-05-26 00:00:00,2023-05-27 00:00:00,2881.11
2023-05-27 00:00:00,2023-05-28 00:00:00,2692.26
2023-05-28 00:00:00,2023-05-29 00:00:00,10030.16
2023-05-29 00:00:00,2023-05-30 00:00:00,7113.80
2023-05-30 00:00:00,2023-05-31 00:00:00,2435.21
2023-05-31 00:00:00,2023-06-01 00:00:00,1355.83
2023-06-01 00:00:00,2023-06-02 00:00:00,966.09
2023-06-02 00:00:00,2023-06-03 00:00:00,722.88
2023-06-03 00:00:00,2023-06-04 00:00:00,596.30
2023-06-04 00:00:00,2023-06-05 00:00:00,512.57
2023-06-05 00:00:00,2023-06-06 00:00:00,440.76
2023-06-06 00:00:00,2023-06-07 00:00:00,384.84
2023-06-07 00:00:00,2023-06-08 00:00:00,520.96
2023-06-08 00:00:00,2023-06-09 00:00:00,373.08
2023-06-09 00:00:00,2023-06-10 00:00:00,309.08
2023-06-10 00:00:00,2023-06-11 00:00:00,345.97
2023-06-11 00:00:00,2023-06-12 00:00:00,284.81
2023-06-12 00:00:00,2023-06-13 00:00:00,260.46
2023-06-13 00:00:00,2023-06-14 00:00:00,241.66
2023-06-14 00:00:00,2023-06-15 00:00:00,230.38
2023-06-15 00:00:00,2023-06-16 00:00:00,224.07
2023-06-16 00:00:00,2023-06-17 00:00:00,214.70
2023-06-17 00:00:00,2023-06-18 00:00:00,206.79
2023-06-18 00:00:00,2023-06-19 00:00:00,197.98
2023-06-19 00:00:00,2023-06-20 00:00:00,192.77
2023-06-20 00:00:00,2023-06-21 00:00:00,183.17
2023-06-21 00:00:00,2023-06-22 00:00:00,176.81
2023-06-22 00:00:00,2023-06-23 00:00:00,165.41
2023-06-23 00:00:00,2023-06-24 00:00:00,NaN
2023-06-24 00:00:00,2023-06-25 00:00:00,NaN
2023-06-25 00:00:00,2023-06-26 00:00:00,NaN
2023-06-26 00:00:00,2023-06-27 00:00:00,101.28
2023-06-27 00:00:00,2023-06-28 00:00:00,76.66
2023-06-28 00:00:00,2023-06-29 00:00:00,70.66
2023-06-29 00:00:00,2023-06-30 00:00:00,65.74
2023-06-30 00:00:00,2023-07-01 00:00:00,63.46
2023-07-01 00:00:00,2023-07-02 00:00:00,174.00
2023-07-02 00:00:00,2023-07-03 00:00:00,78.22
2023-07-03 00:00:00,2023-07-04 00:00:00,78.04
2023-07-04 00:00:00,2023-07-05 00:00:00,130.78
2023-07-05 00:00:00,2023-07-06 00:00:00,76.26
2023-07-06 00:00:00,2023-07-07 00:00:00,61.37
2023-07-07 00:00:00,2023-07-08 00:00:00,98.83
2023-07-08 00:00:00,2023-07-09 00:00:00,138.20
2023-07-09 00:00:00,2023-07-10 00:00:00,115.27
2023-07-10 00:00:00,2023-07-11 00:00:00,99.88
2023-07-11 00:00:00,2023-07-12 00:00:00,85.38
2023-07-12 00:00:00,2023-07-13 00:00:00,72.90
2023-07-13 00:00:00,2023-07-14 00:00:00,64.32
2023-07-14 00:00:00,2023-07-15 00:00:00,59.21
2023-07-15 00:00:00,2023-07-16 00:00:00,57.41
2023-07-16 00:00:00,2023-07-17 00:00:00,58.34
2023-07-17 00:00:00,2023-07-18 00:00:00,59.37
2023-07-18 00:00:00,2023-07-19 00:00:00,57.91
2023-07-19 00:00:00,2023-07-20 00:00:00,54.33
2023-07-20 00:00:00,2023-07-21 00:00:00,47.50
2023-07-21 00:00:00,2023-07-22 00:00:00,42.54
2023-07-22 00:00:00,2023-07-23 00:00:00,43.83
2023-07-23 00:00:00,2023-07-24 00:00:00,44.55
2023-07-24 00:00:00,2023-07-25 00:00:00,41.17
2023-07-25 00:00:00,2023-07-26 00:00:00,37.86
2023-07-26 00:00:00,2023-07-27 00:00:00,38.11
2023-07-27 00:00:00,2023-07-28 00:00:00,NaN
2023-07-28 00:00:00,2023-07-29 00:00:00,36.66
2023-07-29 00:00:00,2023-07-30 00:00:00,36.37
2023-07-30 00:00:00,2023-07-31 00:00:00,36.11
2023-07-31 00:00:00,2023-08-01 00:00:00,37.82
2023-08-01 00:00:00,2023-08-02 00:00:00,173.11
2023-08-02 00:00:00,2023-08-03 00:00:00,482.60
2023-08-03 00:00:00,2023-08-04 00:00:00,95.86
2023-08-04 00:00:00,2023-08-05 00:00:00,145.41
2023-08-05 00:00:00,2023-08-06 00:00:00,109.76
2023-08-06 00:00:00,2023-08-07 00:00:00,94.88
2023-08-07 00:00:00,2023-08-08 00:00:00,77.16
2023-08-08 00:00:00,2023-08-09 00:00:00,76.38
2023-08-09 00:00:00,2023-08-10 00:00:00,74.68
2023-08-10 00:00:00,2023-08-11 00:00:00,65.80
2023-08-11 00:00:00,2023-08-12 00:00:00,56.15
2023-08-12 00:00:00,2023-08-13 00:00:00,53.33
2023-08-13 00:00:00,2023-08-14 00:00:00,53.92
2023-08-14 00:00:00,2023-08-15 00:00:00,72.14
2023-08-15 00:00:00,2023-08-16 00:00:00,75.15
2023-08-16 00:00:00,2023-08-17 00:00:00,101.42
2023-08-17 00:00:00,2023-08-18 00:00:00,90.35
2023-08-18 00:00:00,2023-08-19 00:00:00,72.37
2023-08-19 00:00:00,2023-08-20 00:00:00,59.54
2023-08-20 00:00:00,2023-08-21 00:00:00,53.66
2023-08-21 00:00:00,2023-08-22 00:00:00,51.40
2023-08-22 00:00:00,2023-08-23 00:00:00,66.95
2023-08-23 00:00:00,2023-08-24 00:00:00,74.46
2023-08-24 00:00:00,2023-08-25 00:00:00,160.30
2023-08-25 00:00:00,2023-08-26 00:00:00,280.08
2023-08-26 00:00:00,2023-08-27 00:00:00,144.19
2023-08-27 00:00:00,2023-08-28 00:00:00,155.11
2023-08-28 00:00:00,2023-08-29 00:00:00,115.98
2023-08-29 00:00:00,2023-08-30 00:00:00,95.38
2023-08-30 00:00:00,2023-08-31 00:00:00,88.39
2023-08-31 00:00:00,2023-09-01 00:00:00,73.66
2023-09-01 00:00:00,2023-09-02 00:00:00,67.06
2023-09-02 00:00:00,2023-09-03 00:00:00,63.81
2023-09-03 00:00:00,2023-09-04 00:00:00,66.05
2023-09-04 00:00:00,2023-09-05 00:00:00,73.82
2023-09-05 00:00:00,2023-09-06 00:00:00,70.34
2023-09-06 00:00:00,2023-09-07 00:00:00,NaN
2023-09-07 00:00:00,2023-09-08 00:00:00,NaN
2023-09-08 00:00:00,2023-09-09 00:00:00,61.52
2023-09-09 00:00:00,2023-09-10 00:00:00,64.13
2023-09-10 00:00:00,2023-09-11 00:00:00,78.13
2023-09-11 00:00:00,2023-09-12 00:00:00,76.83
2023-09-12 00:00:00,2023-09-13 00:00:00,70.40
2023-09-13 00:00:00,2023-09-14 00:00:00,69.72
2023-09-14 00:00:00,2023-09-15 00:00:00,96.66
2023-09-15 00:00:00,2023-09-16 00:00:00,2001.92
2023-09-16 00:00:00,2023-09-17 00:00:00,1054.57
2023-09-17 00:00:00,2023-09-18 00:00:00,687.61
2023-09-18 00:00:00,2023-09-19 00:00:00,302.97
2023-09-19 00:00:00,2023-09-20 00:00:00,228.10
2023-09-20 00:00:00,2023-09-21 00:00:00,164.09
2023-09-21 00:00:00,2023-09-22 00:00:00,124.40
2023-09-22 00:00:00,2023-09-23 00:00:00,96.68
2023-09-23 00:00:00,2023-09-24 00:00:00,79.67
2023-09-24 00:00:00,2023-09-25 00:00:00,73.51
2023-09-25 00:00:00,2023-09-26 00:00:00,65.81
2023-09-26 00:00:00,2023-09-27 00:00:00,102.68
2023-09-27 00:00:00,2023-09-28 00:00:00,97.23
2023-09-28 00:00:00,2023-09-29 00:00:00,134.65
2023-09-29 00:00:00,2023-09-30 00:00:00,146.33
2023-09-30 00:00:00,2023-10-01 00:00:00,86.89
2023-10-01 00:00:00,2023-10-02 00:00:00,66.43
2023-10-02 00:00:00,2023-10-03 00:00:00,99.53
2023-10-03 00:00:00,2023-10-04 00:00:00,126.47
2023-10-04 00:00:00,2023-10-05 00:00:00,109.75
2023-10-05 00:00:00,2023-10-06 00:00:00,454.30
2023-10-06 00:00:00,2023-10-07 00:00:00,144.23
2023-10-07 00:00:00,2023-10-08 00:00:00,89.02
2023-10-08 00:00:00,2023-10-09 00:00:00,77.77
2023-10-09 00:00:00,2023-10-10 00:00:00,63.36
2023-10-10 00:00:00,2023-10-11 00:00:00,59.93
2023-10-11 00:00:00,2023-10-12 00:00:00,58.91
2023-10-12 00:00:00,2023-10-13 00:00:00,63.59
2023-10-13 00:00:00,2023-10-14 00:00:00,46.27
2023-10-14 00:00:00,2023-10-15 00:00:00,44.67
2023-10-15 00:00:00,2023-10-16 00:00:00,43.68
2023-10-16 00:00:00,2023-10-17 00:00:00,42.31
2023-10-17 00:00:00,2023-10-18 00:00:00,42.50
2023-10-18 00:00:00,2023-10-19 00:00:00,46.55
2023-10-19 00:00:00,2023-10-20 00:00:00,50.60
2023-10-20 00:00:00,2023-10-21 00:00:00,55.39
2023-10-21 00:00:00,2023-10-22 00:00:00,57.08
2023-10-22 00:00:00,2023-10-23 00:00:00,56.19
2023-10-23 00:00:00,2023-10-24 00:00:00,292.79
2023-10-24 00:00:00,2023-10-25 00:00:00,863.75
2023-10-25 00:00:00,2023-10-26 00:00:00,NaN
2023-10-26 00:00:00,2023-10-27 00:00:00,152.14
2023-10-27 00:00:00,2023-10-28 00:00:00,111.70
2023-10-28 00:00:00,2023-10-29 00:00:00,39.83
2023-10-29 00:00:00,2023-10-30 00:00:00,24.65
2023-10-30 00:00:00,2023-10-31 00:00:00,17.17
2023-10-31 00:00:00,2023-11-01 00:00:00,13.59
2023-11-01 00:00:00,2023-11-02 00:00:00,10.74
2023-11-02 00:00:00,2023-11-03 00:00:00,24.97
2023-11-03 00:00:00,2023-11-04 00:00:00,45.37
2023-11-04 00:00:00,2023-11-05 00:00:00,40.25
2023-11-05 00:00:00,2023-11-06 00:00:00,39.21
2023-11-06 00:00:00,2023-11-07 00:00:00,38.72
2023-11-07 00:00:00,2023-11-08 00:00:00,38.01
2023-11-08 00:00:00,2023-11-09 00:00:00,37.28
2023-11-09 00:00:00,2023-11-10 00:00:00,36.89
2023-11-10 00:00:00,2023-11-11 00:00:00,36.34
2023-11-11 00:00:00,2023-11-12 00:00:00,37.34
2023-11-12 00:00:00,2023-11-13 00:00:00,37.11
2023-11-13 00:00:00,2023-11-14 00:00:00,37.23
2023-11-14 00:00:00,2023-11-15 00:00:00,37.68
2023-11-15 00:00:00,2023-11-16 00:00:00,38.60
2023-11-16 00:00:00,2023-11-17 00:00:00,65.74
2023-11-17 00:00:00,2023-11-18 00:00:00,83.43
2023-11-18 00:00:00,2023-11-19 00:00:00,66.24
2023-11-19 00:00:00,2023-11-20 00:00:00,56.58
2023-11-20 00:00:00,2023-11-21 00:00:00,50.08
2023-11-21 00:00:00,2023-11-22 00:00:00,44.62
2023-11-22 00:00:00,2023-11-23 00:00:00,43.15
2023-11-23 00:00:00,2023-11-24 00:00:00,41.72
2023-11-24 00:00:00,2023-11-25 00:00:00,40.81
2023-11-25 00:00:00,2023-11-26 00:00:00,40.19
2023-11-26 00:00:00,2023-11-27 00:00:00,38.29
2023-11-27 00:00:00,2023-11-28 00:00:00,38.37
2023-11-28 00:00:00,2023-11-29 00:00:00,38.17
2023-11-29 00:00:00,2023-11-30 00:00:00,37.92
2023-11-30 00:00:00,2023-12-01 00:00:00,38.11
2023-12-01 00:00:00,2023-12-02 00:00:00,37.68
2023-12-02 00:00:00,2023-12-03 00:00:00,37.91
2023-12-03 00:00:00,2023-12-04 00:00:00,38.39
2023-12-04 00:00:00,2023-12-05 00:00:00,38.66
2023-12-05 00:00:00,2023-12-06 00:00:00,38.70
2023-12-06 00:00:00,2023-12-07 00:00:00,38.43
2023-12-07 00:00:00,2023-12-08 00:00:00,38.88
2023-12-08 00:00:00,2023-12-09 00:00:00,38.72
2023-12-09 00:00:00,2023-12-10 00:00:00,37.37
2023-12-10 00:00:00,2023-12-11 00:00:00,36.74
2023-12-11 00:00:00,2023-12-12 00:00:00,38.18
2023-12-12 00:00:00,2023-12-13 00:00:00,38.60
2023-12-13 00:00:00,2023-12-14 00:00:00,39.27
2023-12-14 00:00:00,2023-12-15 00:00:00,41.24
2023-12-15 00:00:00,2023-12-16 00:00:00,42.71
2023-12-16 00:00:00,2023-12-17 00:00:00,44.94
2023-12-17 00:00:00,2023-12-18 00:00:00,45.10
2023-12-18 00:00:00,2023-12-19 00:00:00,45.49
2023-12-19 00:00:00,2023-12-20 00:00:00,45.92
2023-12-20 00:00:00,2023-12-21 00:00:00,46.35
2023-12-21 00:00:00,2023-12-22 00:00:00,46.87
2023-12-22 00:00:00,2023-12-23 00:00:00,47.74
2023-12-23 00:00:00,2023-12-24 00:00:00,51.60
2023-12-24 00:00:00,2023-12-25 00:00:00,65.56
2023-12-25 00:00:00,2023-12-26 00:00:00,91.60
2023-12-26 00:00:00,2023-12-27 00:00:00,61.54
2023-12-27 00:00:00,2023-12-28 00:00:00,54.54
2023-12-28 00:00:00,2023-12-29 00:00:00,52.68
2023-12-29 00:00:00,2023-12-30 00:00:00,51.96
2023-12-30 00:00:00,2023-12-31 00:00:00,52.24
2023-12-31 00:00:00,2024-01-01 00:00:00,53.99
2024-01-01 00:00:00,2024-01-02 00:00:00,56.95
2024-01-02 00:00:00,2024-01-03 00:00:00,59.52
2024-01-03 00:00:00,2024-01-04 00:00:00,60.82
2024-01-04 00:00:00,2024-01-05 00:00:00,60.87
2024-01-05 00:00:00,2024-01-06 00:00:00,61.95
2024-01-06 00:00:00,2024-01-07 00:00:00,61.84
2024-01-07 00:00:00,2024-01-08 00:00:00,61.93
2024-01-08 00:00:00,2024-01-09 00:00:00,60.90
2024-01-09 00:00:00,2024-01-10 00:00:00,61.96
2024-01-10 00:00:00,2024-01-11 00:00:00,61.58
2024-01-11 00:00:00,2024-01-12 00:00:00,62.31
2024-01-12 00:00:00,2024-01-13 00:00:00,62.21
2024-01-13 00:00:00,2024-01-14 00:00:00,62.68
2024-01-14 00:00:00,2024-01-15 00:00:00,63.05
2024-01-15 00:00:00,2024-01-16 00:00:00,62.20
2024-01-16 00:00:00,2024-01-17 00:00:00,61.24
2024-01-17 00:00:00,2024-01-18 00:00:00,63.55
2024-01-18 00:00:00,2024-01-19 00:00:00,65.64
2024-01-19 00:00:00,2024-01-20 00:00:00,63.77
2024-01-20 00:00:00,2024-01-21 00:00:00,62.60
2024-01-21 00:00:00,2024-01-22 00:00:00,61.84
2024-01-22 00:00:00,2024-01-23 00:00:00,62.77
2024-01-23 00:00:00,2024-01-24 00:00:00,62.04
2024-01-24 00:00:00,2024-01-25 00:00:00,59.65
2024-01-25 00:00:00,2024-01-26 00:00:00,58.57
2024-01-26 00:00:00,2024-01-27 00:00:00,57.77
2024-01-27 00:00:00,2024-01-28 00:00:00,56.13
2024-01-28 00:00:00,2024-01-29 00:00:00,60.61
2024-01-29 00:00:00,2024-01-30 00:00:00,108.38
2024-01-30 00:00:00,2024-01-31 00:00:00,81.51
2024-01-31 00:00:00,2024-02-01 00:00:00,61.36
2024-02-01 00:00:00,2024-02-02 00:00:00,56.46
2024-02-02 00:00:00,2024-02-03 00:00:00,52.83
2024-02-03 00:00:00,2024-02-04 00:00:00,48.68
2024-02-04 00:00:00,2024-02-05 00:00:00,45.62
2024-02-05 00:00:00,2024-02-06 00:00:00,43.53
2024-02-06 00:00:00,2024-02-07 00:00:00,42.58
2024-02-07 00:00:00,2024-02-08 00:00:00,41.10
2024-02-08 00:00:00,2024-02-09 00:00:00,39.94
2024-02-09 00:00:00,2024-02-10 00:00:00,38.97
2024-02-10 00:00:00,2024-02-11 00:00:00,39.30
2024-02-11 00:00:00,2024-02-12 00:00:00,36.94
2024-02-12 00:00:00,2024-02-13 00:00:00,36.95
2024-02-13 00:00:00,2024-02-14 00:00:00,37.00
2024-02-14 00:00:00,2024-02-15 00:00:00,36.60
2024-02-15 00:00:00,2024-02-16 00:00:00,36.33
2024-02-16 00:00:00,2024-02-17 00:00:00,37.16
2024-02-17 00:00:00,2024-02-18 00:00:00,34.60
2024-02-18 00:00:00,2024-02-19 00:00:00,36.12
2024-02-19 00:00:00,2024-02-20 00:00:00,35.99
2024-02-20 00:00:00,2024-02-21 00:00:00,35.97
2024-02-21 00:00:00,2024-02-22 00:00:00,35.88
2024-02-22 00:00:00,2024-02-23 00:00:00,35.30
2024-02-23 00:00:00,2024-02-24 00:00:00,34.89
2024-02-24 00:00:00,2024-02-25 00:00:00,34.98
2024-02-25 00:00:00,2024-02-26 00:00:00,34.17
2024-02-26 00:00:00,2024-02-27 00:00:00,33.81
2024-02-27 00:00:00,2024-02-28 00:00:00,35.56
2024-02-28 00:00:00,2024-02-29 00:00:00,38.86
2024-02-29 00:00:00,2024-03-01 00:00:00,39.78
2024-03-01 00:00:00,2024-03-02 00:00:00,39.53
2024-03-02 00:00:00,2024-03-03 00:00:00,39.23
2024-03-03 00:00:00,2024-03-04 00:00:00,39.58
2024-03-04 00:00:00,2024-03-05 00:00:00,39.59
2024-03-05 00:00:00,2024-03-06 00:00:00,39.47
2024-03-06 00:00:00,2024-03-07 00:00:00,39.04
2024-03-07 00:00:00,2024-03-08 00:00:00,39.58
2024-03-08 00:00:00,2024-03-09 00:00:00,39.25
2024-03-09 00:00:00,2024-03-10 00:00:00,36.76
2024-03-10 00:00:00,2024-03-11 00:00:00,38.68
2024-03-11 00:00:00,2024-03-12 00:00:00,38.95
2024-03-12 00:00:00,2024-03-13 00:00:00,39.06
2024-03-13 00:00:00,2024-03-14 00:00:00,38.74
2024-03-14 00:00:00,2024-03-15 00:00:00,38.28
2024-03-15 00:00:00,2024-03-16 00:00:00,35.81
2024-03-16 00:00:00,2024-03-17 00:00:00,37.85
2024-03-17 00:00:00,2024-03-18 00:00:00,36.47
2024-03-18 00:00:00,2024-03-19 00:00:00,36.29
2024-03-19 00:00:00,2024-03-20 00:00:00,37.88
2024-03-20 00:00:00,2024-03-21 00:00:00,37.48
2024-03-21 00:00:00,2024-03-22 00:00:00,35.99
2024-03-22 00:00:00,2024-03-23 00:00:00,36.99
2024-03-23 00:00:00,2024-03-24 00:00:00,36.69
2024-03-24 00:00:00,2024-03-25 00:00:00,36.08
2024-03-25 00:00:00,2024-03-26 00:00:00,35.38
2024-03-26 00:00:00,2024-03-27 00:00:00,35.92
2024-03-27 00:00:00,2024-03-28 00:00:00,35.92
2024-03-28 00:00:00,2024-03-29 00:00:00,35.96
2024-03-29 00:00:00,2024-03-30 00:00:00,36.42
2024-03-30 00:00:00,2024-03-31 00:00:00,36.49
2024-03-31 00:00:00,2024-04-01 00:00:00,36.50
2024-04-01 00:00:00,2024-04-02 00:00:00,36.05
2024-04-02 00:00:00,2024-04-03 00:00:00,34.64
2024-04-03 00:00:00,2024-04-04 00:00:00,36.76
2024-04-04 00:00:00,2024-04-05 00:00:00,36.89
2024-04-05 00:00:00,2024-04-06 00:00:00,37.42
2024-04-06 00:00:00,2024-04-07 00:00:00,36.73
2024-04-07 00:00:00,2024-04-08 00:00:00,36.47
2024-04-08 00:00:00,2024-04-09 00:00:00,37.95
2024-04-09 00:00:00,2024-04-10 00:00:00,37.32
2024-04-10 00:00:00,2024-04-11 00:00:00,37.46
2024-04-11 00:00:00,2024-04-12 00:00:00,37.84
2024-04-12 00:00:00,2024-04-13 00:00:00,37.78
2024-04-13 00:00:00,2024-04-14 00:00:00,38.10
2024-04-14 00:00:00,2024-04-15 00:00:00,38.95
2024-04-15 00:00:00,2024-04-16 00:00:00,39.18
2024-04-16 00:00:00,2024-04-17 00:00:00,38.77
2024-04-17 00:00:00,2024-04-18 00:00:00,39.67
2024-04-18 00:00:00,2024-04-19 00:00:00,37.60
2024-04-19 00:00:00,2024-04-20 00:00:00,32.84
2024-04-20 00:00:00,2024-04-21 00:00:00,36.14
2024-04-21 00:00:00,2024-04-22 00:00:00,38.11
2024-04-22 00:00:00,2024-04-23 00:00:00,36.02
2024-04-23 00:00:00,2024-04-24 00:00:00,35.14
2024-04-24 00:00:00,2024-04-25 00:00:00,35.04
2024-04-25 00:00:00,2024-04-26 00:00:00,35.03
2024-04-26 00:00:00,2024-04-27 00:00:00,35.11
2024-04-27 00:00:00,2024-04-28 00:00:00,35.26
2024-04-28 00:00:00,2024-04-29 00:00:00,33.80
2024-04-29 00:00:00,2024-04-30 00:00:00,35.21
2024-04-30 00:00:00,2024-05-01 00:00:00,35.88
2024-05-01 00:00:00,2024-05-02 00:00:00,35.29
2024-05-02 00:00:00,2024-05-03 00:00:00,36.05
2024-05-03 00:00:00,2024-05-04 00:00:00,36.01
2024-05-04 00:00:00,2024-05-05 00:00:00,36.01
2024-05-05 00:00:00,2024-05-06 00:00:00,35.80
2024-05-06 00:00:00,2024-05-07 00:00:00,36.40
2024-05-07 00:00:00,2024-05-08 00:00:00,36.23
2024-05-08 00:00:00,2024-05-09 00:00:00,36.43
2024-05-09 00:00:00,2024-05-10 00:00:00,36.55
2024-05-10 00:00:00,2024-05-11 00:00:00,35.05
2024-05-11 00:00:00,2024-05-12 00:00:00,37.25
2024-05-12 00:00:00,2024-05-13 00:00:00,37.92
2024-05-13 00:00:00,2024-05-14 00:00:00,37.86
2024-05-14 00:00:00,2024-05-15 00:00:00,37.70
2024-05-15 00:00:00,2024-05-16 00:00:00,37.05
2024-05-16 00:00:00,2024-05-17 00:00:00,37.34
2024-05-17 00:00:00,2024-05-18 00:00:00,36.97
2024-05-18 00:00:00,2024-05-19 00:00:00,38.16
2024-05-19 00:00:00,2024-05-20 00:00:00,38.25
2024-05-20 00:00:00,2024-05-21 00:00:00,38.13
2024-05-21 00:00:00,2024-05-22 00:00:00,38.37
2024-05-22 00:00:00,2024-05-23 00:00:00,38.05
2024-05-23 00:00:00,2024-05-24 00:00:00,37.65
2024-05-24 00:00:00,2024-05-25 00:00:00,37.41
2024-05-25 00:00:00,2024-05-26 00:00:00,37.88
2024-05-26 00:00:00,2024-05-27 00:00:00,38.03
2024-05-27 00:00:00,2024-05-28 00:00:00,38.51
2024-05-28 00:00:00,2024-05-29 00:00:00,38.66
2024-05-29 00:00:00,2024-05-30 00:00:00,39.58
2024-05-30 00:00:00,2024-05-31 00:00:00,39.56
2024-05-31 00:00:00,2024-06-01 00:00:00,38.55
2024-06-01 00:00:00,2024-06-02 00:00:00,38.74
2024-06-02 00:00:00,2024-06-03 00:00:00,82.42
2024-06-03 00:00:00,2024-06-04 00:00:00,83.96
2024-06-04 00:00:00,2024-06-05 00:00:00,63.06
2024-06-05 00:00:00,2024-06-06 00:00:00,48.48
2024-06-06 00:00:00,2024-06-07 00:00:00,45.66
2024-06-07 00:00:00,2024-06-08 00:00:00,45.68
2024-06-08 00:00:00,2024-06-09 00:00:00,110.89
2024-06-09 00:00:00,2024-06-10 00:00:00,1147.57
2024-06-10 00:00:00,2024-06-11 00:00:00,318.91
2024-06-11 00:00:00,2024-06-12 00:00:00,135.82
2024-06-12 00:00:00,2024-06-13 00:00:00,59.07
2024-06-13 00:00:00,2024-06-14 00:00:00,40.40
2024-06-14 00:00:00,2024-06-15 00:00:00,38.44
2024-06-15 00:00:00,2024-06-16 00:00:00,37.19
2024-06-16 00:00:00,2024-06-17 00:00:00,39.65
2024-06-17 00:00:00,2024-06-18 00:00:00,44.62
2024-06-18 00:00:00,2024-06-19 00:00:00,48.18
2024-06-19 00:00:00,2024-06-20 00:00:00,50.14
2024-06-20 00:00:00,2024-06-21 00:00:00,51.23
2024-06-21 00:00:00,2024-06-22 00:00:00,55.80
2024-06-22 00:00:00,2024-06-23 00:00:00,52.00
2024-06-23 00:00:00,2024-06-24 00:00:00,52.88
2024-06-24 00:00:00,2024-06-25 00:00:00,54.11
2024-06-25 00:00:00,2024-06-26 00:00:00,54.35
2024-06-26 00:00:00,2024-06-27 00:00:00,55.30
2024-06-27 00:00:00,2024-06-28 00:00:00,57.29
2024-06-28 00:00:00,2024-06-29 00:00:00,58.50
2024-06-29 00:00:00,2024-06-30 00:00:00,62.41
2024-06-30 00:00:00,2024-07-01 00:00:00,62.55
2024-07-01 00:00:00,2024-07-02 00:00:00,63.47
2024-07-02 00:00:00,2024-07-03 00:00:00,66.07
2024-07-03 00:00:00,2024-07-04 00:00:00,68.09
2024-07-04 00:00:00,2024-07-05 00:00:00,68.42
2024-07-05 00:00:00,2024-07-06 00:00:00,70.18
2024-07-06 00:00:00,2024-07-07 00:00:00,237.33
2024-07-07 00:00:00,2024-07-08 00:00:00,94.23
2024-07-08 00:00:00,2024-07-09 00:00:00,1006.46
2024-07-09 00:00:00,2024-07-10 00:00:00,2155.91
2024-07-10 00:00:00,2024-07-11 00:00:00,751.03
2024-07-11 00:00:00,2024-07-12 00:00:00,370.13
2024-07-12 00:00:00,2024-07-13 00:00:00,229.44
2024-07-13 00:00:00,2024-07-14 00:00:00,204.56
2024-07-14 00:00:00,2024-07-15 00:00:00,205.05
2024-07-15 00:00:00,2024-07-16 00:00:00,558.97
2024-07-16 00:00:00,2024-07-17 00:00:00,231.77
2024-07-17 00:00:00,2024-07-18 00:00:00,342.26
2024-07-18 00:00:00,2024-07-19 00:00:00,231.63
2024-07-19 00:00:00,2024-07-20 00:00:00,NaN
2024-07-20 00:00:00,2024-07-21 00:00:00,156.52
2024-07-21 00:00:00,2024-07-22 00:00:00,138.63
2024-07-22 00:00:00,2024-07-23 00:00:00,153.85
2024-07-23 00:00:00,2024-07-24 00:00:00,1894.88
2024-07-24 00:00:00,2024-07-25 00:00:00,1640.74
2024-07-25 00:00:00,2024-07-26 00:00:00,967.78
2024-07-26 00:00:00,2024-07-27 00:00:00,383.28
2024-07-27 00:00:00,2024-07-28 00:00:00,191.81
2024-07-28 00:00:00,2024-07-29 00:00:00,119.55
2024-07-29 00:00:00,2024-07-30 00:00:00,82.96
2024-07-30 00:00:00,2024-07-31 00:00:00,78.05
2024-07-31 00:00:00,2024-08-01 00:00:00,66.10
2024-08-01 00:00:00,2024-08-02 00:00:00,57.79
2024-08-02 00:00:00,2024-08-03 00:00:00,246.70
2024-08-03 00:00:00,2024-08-04 00:00:00,155.80
2024-08-04 00:00:00,2024-08-05 00:00:00,109.67
2024-08-05 00:00:00,2024-08-06 00:00:00,134.39
2024-08-06 00:00:00,2024-08-07 00:00:00,70.25
2024-08-07 00:00:00,2024-08-08 00:00:00,35.33
2024-08-08 00:00:00,2024-08-09 00:00:00,24.48
2024-08-09 00:00:00,2024-08-10 00:00:00,20.69
2024-08-10 00:00:00,2024-08-11 00:00:00,21.16
2024-08-11 00:00:00,2024-08-12 00:00:00,18.69
2024-08-12 00:00:00,2024-08-13 00:00:00,26.41
2024-08-13 00:00:00,2024-08-14 00:00:00,32.96
2024-08-14 00:00:00,2024-08-15 00:00:00,28.43
2024-08-15 00:00:00,2024-08-16 00:00:00,24.44
2024-08-16 00:00:00,2024-08-17 00:00:00,16.59
2024-08-17 00:00:00,2024-08-18 00:00:00,15.52
2024-08-18 00:00:00,2024-08-19 00:00:00,14.38
2024-08-19 00:00:00,2024-08-20 00:00:00,15.76
2024-08-20 00:00:00,2024-08-21 00:00:00,15.10
2024-08-21 00:00:00,2024-08-22 00:00:00,15.32
2024-08-22 00:00:00,2024-08-23 00:00:00,14.75
2024-08-23 00:00:00,2024-08-24 00:00:00,16.00
2024-08-24 00:00:00,2024-08-25 00:00:00,15.73
2024-08-25 00:00:00,2024-08-26 00:00:00,23.07
2024-08-26 00:00:00,2024-08-27 00:00:00,20.46
2024-08-27 00:00:00,2024-08-28 00:00:00,19.05
2024-08-28 00:00:00,2024-08-29 00:00:00,20.17
2024-08-29 00:00:00,2024-08-30 00:00:00,26.42
2024-08-30 00:00:00,2024-08-31 00:00:00,20.59
2024-08-31 00:00:00,2024-09-01 00:00:00,29.80
2024-09-01 00:00:00,2024-09-02 00:00:00,47.37
2024-09-02 00:00:00,2024-09-03 00:00:00,937.62
2024-09-03 00:00:00,2024-09-04 00:00:00,5480.44
2024-09-04 00:00:00,2024-09-05 00:00:00,5393.39
2024-09-05 00:00:00,2024-09-06 00:00:00,1718.49
2024-09-06 00:00:00,2024-09-07 00:00:00,924.51
2024-09-07 00:00:00,2024-09-08 00:00:00,463.91
2024-09-08 00:00:00,2024-09-09 00:00:00,274.32
2024-09-09 00:00:00,2024-09-10 00:00:00,173.33
2024-09-10 00:00:00,2024-09-11 00:00:00,130.08
2024-09-11 00:00:00,2024-09-12 00:00:00,100.45
2024-09-12 00:00:00,2024-09-13 00:00:00,73.60
2024-09-13 00:00:00,2024-09-14 00:00:00,57.97
2024-09-14 00:00:00,2024-09-15 00:00:00,50.12
2024-09-15 00:00:00,2024-09-16 00:00:00,45.11
2024-09-16 00:00:00,2024-09-17 00:00:00,37.41
2024-09-17 00:00:00,2024-09-18 00:00:00,27.38
2024-09-18 00:00:00,2024-09-19 00:00:00,20.74
2024-09-19 00:00:00,2024-09-20 00:00:00,NaN
2024-09-20 00:00:00,2024-09-21 00:00:00,18.26
2024-09-21 00:00:00,2024-09-22 00:00:00,12.72
2024-09-22 00:00:00,2024-09-23 00:00:00,11.28
2024-09-23 00:00:00,2024-09-24 00:00:00,17.20
2024-09-24 00:00:00,2024-09-25 00:00:00,42.12
2024-09-25 00:00:00,2024-09-26 00:00:00,44.58
2024-09-26 00:00:00,2024-09-27 00:00:00,30.02
2024-09-27 00:00:00,2024-09-28 00:00:00,33.32
2024-09-28 00:00:00,2024-09-29 00:00:00,27.95
2024-09-29 00:00:00,2024-09-30 00:00:00,30.77
2024-09-30 00:00:00,2024-10-01 00:00:00,20.05
2024-10-01 00:00:00,2024-10-02 00:00:00,14.74
2024-10-02 00:00:00,2024-10-03 00:00:00,11.95
2024-10-03 00:00:00,2024-10-04 00:00:00,9.91
2024-10-04 00:00:00,2024-10-05 00:00:00,9.14
2024-10-05 00:00:00,2024-10-06 00:00:00,11.70
2024-10-06 00:00:00,2024-10-07 00:00:00,11.35
2024-10-07 00:00:00,2024-10-08 00:00:00,10.40
2024-10-08 00:00:00,2024-10-09 00:00:00,27.38
2024-10-09 00:00:00,2024-10-10 00:00:00,41.58
2024-10-10 00:00:00,2024-10-11 00:00:00,43.17
2024-10-11 00:00:00,2024-10-12 00:00:00,45.78
2024-10-12 00:00:00,2024-10-13 00:00:00,43.69
2024-10-13 00:00:00,2024-10-14 00:00:00,44.21
2024-10-14 00:00:00,2024-10-15 00:00:00,41.30
2024-10-15 00:00:00,2024-10-16 00:00:00,40.12
2024-10-16 00:00:00,2024-10-17 00:00:00,NaN
2024-10-17 00:00:00,2024-10-18 00:00:00,36.47
2024-10-18 00:00:00,2024-10-19 00:00:00,39.51
2024-10-19 00:00:00,2024-10-20 00:00:00,41.24
2024-10-20 00:00:00,2024-10-21 00:00:00,42.26
2024-10-21 00:00:00,2024-10-22 00:00:00,41.67
2024-10-22 00:00:00,2024-10-23 00:00:00,42.44
2024-10-23 00:00:00,2024-10-24 00:00:00,43.66
2024-10-24 00:00:00,2024-10-25 00:00:00,41.46
2024-10-25 00:00:00,2024-10-26 00:00:00,35.17
2024-10-26 00:00:00,2024-10-27 00:00:00,32.60
2024-10-27 00:00:00,2024-10-28 00:00:00,33.51
2024-10-28 00:00:00,2024-10-29 00:00:00,33.62
2024-10-29 00:00:00,2024-10-30 00:00:00,37.55
2024-10-30 00:00:00,2024-10-31 00:00:00,34.58
2024-10-31 00:00:00,2024-11-01 00:00:00,34.78
2024-11-01 00:00:00,2024-11-02 00:00:00,34.33
2024-11-02 00:00:00,2024-11-03 00:00:00,33.22
2024-11-03 00:00:00,2024-11-04 00:00:00,36.55
2024-11-04 00:00:00,2024-11-05 00:00:00,33.31
2024-11-05 00:00:00,2024-11-06 00:00:00,54.91
2024-11-06 00:00:00,2024-11-07 00:00:00,50.66
2024-11-07 00:00:00,2024-11-08 00:00:00,39.02
2024-11-08 00:00:00,2024-11-09 00:00:00,49.74
2024-11-09 00:00:00,2024-11-10 00:00:00,71.09
2024-11-10 00:00:00,2024-11-11 00:00:00,107.94
2024-11-11 00:00:00,2024-11-12 00:00:00,95.50
2024-11-12 00:00:00,2024-11-13 00:00:00,55.75
2024-11-13 00:00:00,2024-11-14 00:00:00,NaN
2024-11-14 00:00:00,2024-11-15 00:00:00,38.74
2024-11-15 00:00:00,2024-11-16 00:00:00,37.76
2024-11-16 00:00:00,2024-11-17 00:00:00,30.78
2024-11-17 00:00:00,2024-11-18 00:00:00,26.94
2024-11-18 00:00:00,2024-11-19 00:00:00,27.67
2024-11-19 00:00:00,2024-11-20 00:00:00,25.73
2024-11-20 00:00:00,2024-11-21 00:00:00,19.97
2024-11-21 00:00:00,2024-11-22 00:00:00,19.60
2024-11-22 00:00:00,2024-11-23 00:00:00,21.12
2024-11-23 00:00:00,2024-11-24 00:00:00,18.73
2024-11-24 00:00:00,2024-11-25 00:00:00,18.42
2024-11-25 00:00:00,2024-11-26 00:00:00,17.43
2024-11-26 00:00:00,2024-11-27 00:00:00,14.55
2024-11-27 00:00:00,2024-11-28 00:00:00,12.06
2024-11-28 00:00:00,2024-11-29 00:00:00,6.24
2024-11-29 00:00:00,2024-11-30 00:00:00,2.61
2024-11-30 00:00:00,2024-12-01 00:00:00,2.37
2024-12-01 00:00:00,2024-12-02 00:00:00,NaN
"Data are being provided with the understanding they are provisional and subject to future revision. Provisional data may be inaccurate due to instrument malfunctions or physical changes at the measurement site. Subsequent review based on field inspections and measurements may result in significant revisions to the data. Not all datasets have received subsequent review and approval, and thus may contain errors. Data users are cautioned to consider carefully the provisional nature of the information before using it for decisions that concern personal or public safety or the conduct of business that involves substantial monetary or operational consequences. USIBWC does not warrant that these data are accurate or appropriate for any particular use case and advises that they may contain error as they are provisional in nature. USIBWC is not liable for the accuracy of these data or the use of these data for any purpose. Additional information regarding these datasets can be obtained from the USIBWC. For additional information, please contact the USIBWC Water Accounting Division.",,
